Session,Channel,Network,ADAPT,TP,FP,FN,Precision,Recall,F1,Mean_Latency,Num_Spikes,Num_Ripples
2025-09-24_11-34-51,30,adapt20_3b,120,25,16,46,0.6097560975609756,0.352112676056338,0.4464285714285714,34.70933333333412,152,71
2025-09-23_15-50-26,28,adapt20_3b,120,133,114,6,0.5384615384615384,0.9568345323741008,0.689119170984456,22.560651629072908,2307,139
2025-09-25_11-21-53,21,adapt20_3b,120,167,82,35,0.6706827309236948,0.8267326732673267,0.7405764966740577,24.25069860279268,1689,202
2025-09-24_15-13-10,14,adapt20_3b,120,84,52,0,0.6176470588235294,1.0,0.7636363636363637,16.757539682539836,1789,84
2025-09-25_16-41-14,21,adapt20_3b,120,127,185,17,0.40705128205128205,0.8819444444444444,0.5570175438596491,24.292125984248806,2903,144
2025-09-24_10-24-40,30,adapt20_3b,120,71,83,21,0.461038961038961,0.7717391304347826,0.5772357723577236,24.268544600940285,975,92
2025-09-22_17-42-27,24,adapt20_3b,120,58,66,51,0.46774193548387094,0.5321100917431193,0.4978540772532189,35.04022988505616,715,109
2025-09-25_12-52-22,25,adapt20_3b,120,29,273,19,0.09602649006622517,0.6041666666666666,0.1657142857142857,24.44712643677952,1164,48
2025-09-24_14-22-55,25,adapt20_3b,120,264,179,0,0.5959367945823928,1.0,0.7468175388967468,8.701515151515677,11176,264
2025-09-23_16-17-52,24,adapt20_3b,120,52,77,20,0.40310077519379844,0.7222222222222222,0.5174129353233831,26.349999999997706,594,72
2025-09-22_17-55-26,26,adapt20_3b,120,174,170,11,0.5058139534883721,0.9405405405405406,0.6578449905482041,20.16053639846649,3746,185
2025-09-24_16-29-07,5,adapt20_3b,120,40,313,0,0.11331444759206799,1.0,0.20356234096692113,14.187500000000194,2543,40
2025-09-24_17-38-17,13,adapt20_3b,120,15,146,0,0.09316770186335403,1.0,0.17045454545454544,16.94444444443543,737,15
PV01ai32FPGA_250611_115923,29,adapt20_3b,120,142,103,68,0.5795918367346938,0.6761904761904762,0.6241758241758241,22.973474178406455,2073,210
PV01ai32FPGA_250611_122326,20,adapt20_3b,120,152,316,17,0.3247863247863248,0.8994082840236687,0.4772370486656201,16.78377192982325,3605,169
Calbai32FPGA_251003_144832,11,adapt20_3b,120,182,187,11,0.4932249322493225,0.9430051813471503,0.6476868327402135,19.582051282051843,3710,193
Calbai32FPGA_251003_150055,5,adapt20_3b,120,182,209,4,0.46547314578005117,0.978494623655914,0.6308492201039861,17.059157509159128,4338,186
2025-09-22_17-55-26,26,adapt20_3b,20,175,164,10,0.5162241887905604,0.9459459459459459,0.6679389312977099,20.333714285713498,3765,185
2025-09-25_16-41-14,21,adapt20_3b,20,129,170,15,0.431438127090301,0.8958333333333334,0.582392776523702,24.644444444441497,2735,144
2025-09-23_16-17-52,24,adapt20_3b,20,54,73,18,0.4251968503937008,0.75,0.5427135678391959,24.40987654320809,590,72
2025-09-25_12-52-22,25,adapt20_3b,20,29,253,19,0.10283687943262411,0.6041666666666666,0.17575757575757575,26.25172413792919,1081,48
2025-09-22_17-42-27,24,adapt20_3b,20,57,68,52,0.456,0.5229357798165137,0.4871794871794872,32.85964912280737,725,109
2025-09-24_11-34-51,30,adapt20_3b,20,23,14,48,0.6216216216216216,0.323943661971831,0.42592592592592593,32.502898550725924,149,71
2025-09-24_10-24-40,30,adapt20_3b,20,69,82,23,0.45695364238410596,0.75,0.5679012345679013,26.542028985508534,983,92
2025-09-25_11-21-53,21,adapt20_3b,20,162,83,40,0.6612244897959184,0.801980198019802,0.7248322147651006,24.04259259259067,1670,202
2025-09-24_15-13-10,14,adapt20_3b,20,83,46,1,0.6434108527131783,0.9880952380952381,0.779342723004695,17.4373493975904,1762,84
2025-09-24_14-22-55,25,adapt20_3b,20,264,160,0,0.6226415094339622,1.0,0.7674418604651162,9.012121212121738,11078,264
2025-09-23_15-50-26,28,adapt20_3b,20,129,121,10,0.516,0.9280575539568345,0.6632390745501285,23.054780361758016,2285,139
2025-09-24_17-38-17,13,adapt20_3b,20,15,148,0,0.09202453987730061,1.0,0.16853932584269662,12.74444444443543,813,15
2025-09-24_16-29-07,5,adapt20_3b,20,39,294,1,0.11711711711711711,0.975,0.20911528150134048,11.335897435897783,2659,40
Calbai32FPGA_251003_144832,11,adapt20_3b,20,183,188,10,0.49326145552560646,0.9481865284974094,0.648936170212766,19.396903460837912,3847,193
Calbai32FPGA_251003_150055,5,adapt20_3b,20,180,217,6,0.4534005037783375,0.967741935483871,0.6174957118353345,17.707592592594445,4536,186
PV01ai32FPGA_250611_122326,20,adapt20_3b,20,155,295,14,0.34444444444444444,0.9171597633136095,0.5008077544426495,16.998064516127407,3627,169
PV01ai32FPGA_250611_115923,29,adapt20_3b,20,142,114,68,0.5546875,0.6761904761904762,0.6094420600858369,22.357981220659887,2142,210
2025-09-23_15-50-26,28,adapt20_3b,2,127,117,12,0.5204918032786885,0.9136690647482014,0.6631853785900783,21.561942257217876,2139,139
2025-09-25_16-41-14,21,adapt20_3b,2,127,189,17,0.40189873417721517,0.8819444444444444,0.5521739130434783,25.108136482937027,2667,144
2025-09-23_16-17-52,24,adapt20_3b,2,49,60,23,0.44954128440366975,0.6805555555555556,0.5414364640883979,25.48299319727604,419,72
2025-09-24_15-13-10,14,adapt20_3b,2,82,51,2,0.6165413533834586,0.9761904761904762,0.7557603686635945,16.76097560975621,1808,84
2025-09-24_11-34-51,30,adapt20_3b,2,17,16,54,0.5151515151515151,0.23943661971830985,0.32692307692307687,33.52352941177014,126,71
2025-09-24_10-24-40,30,adapt20_3b,2,58,80,34,0.42028985507246375,0.6304347826086957,0.5043478260869565,26.827586206898246,772,92
2025-09-24_14-22-55,25,adapt20_3b,2,264,153,0,0.6330935251798561,1.0,0.7753303964757708,9.421212121212646,10956,264
2025-09-22_17-55-26,26,adapt20_3b,2,164,117,21,0.5836298932384342,0.8864864864864865,0.7038626609442059,19.786585365852872,3204,185
2025-09-22_17-42-27,24,adapt20_3b,2,58,43,51,0.5742574257425742,0.5321100917431193,0.5523809523809524,31.7212643678156,688,109
2025-09-25_11-21-53,21,adapt20_3b,2,156,75,46,0.6753246753246753,0.7722772277227723,0.7205542725173211,24.3232905982879,1405,202
2025-09-25_12-52-22,25,adapt20_3b,2,24,189,24,0.11267605633802817,0.5,0.18390804597701152,25.590277777776766,802,48
2025-09-24_16-29-07,5,adapt20_3b,2,39,284,1,0.12074303405572756,0.975,0.21487603305785127,13.006837606837706,2723,40
2025-09-24_17-38-17,13,adapt20_3b,2,15,157,0,0.0872093023255814,1.0,0.16042780748663102,13.34444444443543,876,15
Calbai32FPGA_251003_144832,11,adapt20_3b,2,177,187,16,0.48626373626373626,0.917098445595855,0.6355475763016158,18.643879472693605,3578,193
Calbai32FPGA_251003_150055,5,adapt20_3b,2,177,207,9,0.4609375,0.9516129032258065,0.6210526315789474,18.385122410547957,4074,186
PV01ai32FPGA_250611_115923,29,adapt20_3b,2,148,106,62,0.5826771653543307,0.7047619047619048,0.6379310344827587,22.663513513516843,2359,210
PV01ai32FPGA_250611_122326,20,adapt20_3b,2,154,226,15,0.4052631578947368,0.9112426035502958,0.5610200364298725,16.829220779219195,3601,169
2025-09-24_11-34-51,30,adapt20_3b,0,25,19,46,0.5681818181818182,0.352112676056338,0.43478260869565216,36.721333333334826,149,71
2025-09-25_11-21-53,21,adapt20_3b,0,172,87,30,0.6640926640926641,0.8514851485148515,0.7462039045553145,25.072093023254087,1704,202
2025-09-24_10-24-40,30,adapt20_3b,0,67,86,25,0.43790849673202614,0.7282608695652174,0.546938775510204,23.94129353234014,939,92
2025-09-24_15-13-10,14,adapt20_3b,0,84,51,0,0.6222222222222222,1.0,0.7671232876712328,17.186111111111263,1764,84
2025-09-25_12-52-22,25,adapt20_3b,0,31,346,17,0.08222811671087533,0.6458333333333334,0.14588235294117646,24.53763440860057,1525,48
2025-09-23_16-17-52,24,adapt20_3b,0,52,68,20,0.43333333333333335,0.7222222222222222,0.5416666666666666,26.324358974357054,528,72
2025-09-25_16-41-14,21,adapt20_3b,0,128,168,16,0.43243243243243246,0.8888888888888888,0.5818181818181818,25.869791666663332,2802,144
2025-09-24_14-22-55,25,adapt20_3b,0,264,144,0,0.6470588235294118,1.0,0.7857142857142858,9.887121212121738,10585,264
2025-09-22_17-42-27,24,adapt20_3b,0,67,86,42,0.43790849673202614,0.6146788990825688,0.5114503816793894,31.30597014925289,863,109
2025-09-22_17-55-26,26,adapt20_3b,0,176,178,9,0.4971751412429379,0.9513513513513514,0.653061224489796,19.61666666666593,3929,185
2025-09-23_15-50-26,28,adapt20_3b,0,134,116,5,0.536,0.9640287769784173,0.6889460154241646,22.296268656716627,2390,139
2025-09-24_16-29-07,5,adapt20_3b,0,39,294,1,0.11711711711711711,0.975,0.20911528150134048,12.824786324786274,2539,40
2025-09-24_17-38-17,13,adapt20_3b,0,15,159,0,0.08620689655172414,1.0,0.15873015873015872,14.477777777768763,793,15
Calbai32FPGA_251003_144832,11,adapt20_3b,0,182,187,11,0.4932249322493225,0.9430051813471503,0.6476868327402135,20.053663003663456,3673,193
Calbai32FPGA_251003_150055,5,adapt20_3b,0,181,238,5,0.431980906921241,0.9731182795698925,0.5983471074380164,16.64825046040686,4734,186
PV01ai32FPGA_250611_122326,20,adapt20_3b,0,154,277,15,0.35730858468677495,0.9112426035502958,0.5133333333333334,17.90108225108151,3461,169
PV01ai32FPGA_250611_115923,29,adapt20_3b,0,129,72,81,0.6417910447761194,0.6142857142857143,0.6277372262773724,24.28992248062215,1731,210
2025-09-24_15-13-10,14,dsb4updn_median_200_11b,120,81,17,3,0.826530612244898,0.9642857142857143,0.8901098901098902,30.40946502057655,1315,84
2025-09-22_17-42-27,24,dsb4updn_median_200_11b,120,52,47,57,0.5252525252525253,0.47706422018348627,0.5,50.07564102564143,466,109
2025-09-24_10-24-40,30,dsb4updn_median_200_11b,120,62,66,30,0.484375,0.6739130434782609,0.5636363636363637,45.6994623655926,647,92
2025-09-24_14-22-55,25,dsb4updn_median_200_11b,120,264,39,0,0.8712871287128713,1.0,0.9312169312169313,19.5727272727278,8870,264
2025-09-23_16-17-52,24,dsb4updn_median_200_11b,120,47,48,25,0.49473684210526314,0.6527777777777778,0.5628742514970059,42.468794326238495,356,72
2025-09-23_15-50-26,28,dsb4updn_median_200_11b,120,125,85,14,0.5952380952380952,0.8992805755395683,0.7163323782234957,40.36666666666644,1382,139
2025-09-25_11-21-53,21,dsb4updn_median_200_11b,120,152,63,50,0.7069767441860465,0.7524752475247525,0.7290167865707435,43.06337719298096,1160,202
2025-09-22_17-55-26,26,dsb4updn_median_200_11b,120,174,113,11,0.6062717770034843,0.9405405405405406,0.7372881355932204,40.469540229884466,2364,185
2025-09-25_12-52-22,25,dsb4updn_median_200_11b,120,24,171,24,0.12307692307692308,0.5,0.19753086419753088,46.320833333332075,691,48
2025-09-25_16-41-14,21,dsb4updn_median_200_11b,120,119,144,25,0.4524714828897338,0.8263888888888888,0.5847665847665847,42.040616246495624,1738,144
2025-09-24_11-34-51,30,dsb4updn_median_200_11b,120,18,25,53,0.4186046511627907,0.2535211267605634,0.31578947368421056,48.15000000000287,114,71
2025-09-24_17-38-17,13,dsb4updn_median_200_11b,120,15,106,0,0.12396694214876033,1.0,0.22058823529411764,40.87777777776876,534,15
2025-09-24_16-29-07,5,dsb4updn_median_200_11b,120,36,227,4,0.13688212927756654,0.9,0.23762376237623764,37.08240740740703,1656,40
PV01ai32FPGA_250611_122326,20,dsb4updn_median_200_11b,120,145,185,24,0.4393939393939394,0.8579881656804734,0.5811623246492986,34.09747126436604,2615,169
Calbai32FPGA_251003_144832,11,dsb4updn_median_200_11b,120,170,131,23,0.5647840531561462,0.8808290155440415,0.688259109311741,35.70705882352928,2269,193
Calbai32FPGA_251003_150055,5,dsb4updn_median_200_11b,120,174,148,12,0.5403726708074534,0.9354838709677419,0.6850393700787403,37.066283524905906,2683,186
PV01ai32FPGA_250611_115923,29,dsb4updn_median_200_11b,120,123,55,87,0.6910112359550562,0.5857142857142857,0.6340206185567011,39.41436314363411,1327,210
2025-09-23_15-50-26,28,dsb4updn_median_200_11b,20,121,76,18,0.6142131979695431,0.8705035971223022,0.7202380952380951,42.066666666667366,1319,139
2025-09-24_10-24-40,30,dsb4updn_median_200_11b,20,63,54,29,0.5384615384615384,0.6847826086956522,0.6028708133971292,45.81640211640375,619,92
2025-09-24_15-13-10,14,dsb4updn_median_200_11b,20,79,16,5,0.8315789473684211,0.9404761904761905,0.88268156424581,30.32278481012695,1278,84
2025-09-22_17-42-27,24,dsb4updn_median_200_11b,20,48,36,61,0.5714285714285714,0.44036697247706424,0.4974093264248704,50.06527777777777,436,109
2025-09-25_16-41-14,21,dsb4updn_median_200_11b,20,120,130,24,0.48,0.8333333333333334,0.6091370558375634,45.44222222222003,1731,144
2025-09-24_14-22-55,25,dsb4updn_median_200_11b,20,264,36,0,0.88,1.0,0.9361702127659575,20.12954545454598,8723,264
2025-09-22_17-55-26,26,dsb4updn_median_200_11b,20,172,119,13,0.5910652920962199,0.9297297297297298,0.7226890756302522,38.86182170542552,2459,185
2025-09-24_11-34-51,30,dsb4updn_median_200_11b,20,19,19,52,0.5,0.2676056338028169,0.34862385321100914,51.326315789474464,104,71
2025-09-25_12-52-22,25,dsb4updn_median_200_11b,20,25,143,23,0.1488095238095238,0.5208333333333334,0.23148148148148145,45.00933333333065,520,48
2025-09-25_11-21-53,21,dsb4updn_median_200_11b,20,151,53,51,0.7401960784313726,0.7475247524752475,0.7438423645320197,43.421412803529826,1153,202
2025-09-23_16-17-52,24,dsb4updn_median_200_11b,20,45,59,27,0.4326923076923077,0.625,0.5113636363636364,43.290370370367114,395,72
2025-09-24_17-38-17,13,dsb4updn_median_200_11b,20,15,102,0,0.1282051282051282,1.0,0.22727272727272727,35.477777777768765,565,15
2025-09-24_16-29-07,5,dsb4updn_median_200_11b,20,38,226,2,0.14393939393939395,0.95,0.25,33.76140350877178,1689,40
Calbai32FPGA_251003_150055,5,dsb4updn_median_200_11b,20,171,138,15,0.5533980582524272,0.9193548387096774,0.6909090909090909,36.49083820662929,2708,186
PV01ai32FPGA_250611_122326,20,dsb4updn_median_200_11b,20,146,186,23,0.4397590361445783,0.863905325443787,0.5828343313373253,32.695433789953334,2599,169
PV01ai32FPGA_250611_115923,29,dsb4updn_median_200_11b,20,126,58,84,0.6847826086956522,0.6,0.6395939086294417,38.58809523809815,1417,210
Calbai32FPGA_251003_144832,11,dsb4updn_median_200_11b,20,173,131,20,0.569078947368421,0.8963730569948186,0.6961770623742455,36.415606936415934,2371,193
2025-09-22_17-55-26,26,dsb4updn_median_200_11b,2,159,65,26,0.7098214285714286,0.8594594594594595,0.7775061124694377,41.11446540880498,1994,185
2025-09-22_17-42-27,24,dsb4updn_median_200_11b,2,42,27,67,0.6086956521739131,0.3853211009174312,0.4719101123595506,49.00714285714106,416,109
2025-09-23_15-50-26,28,dsb4updn_median_200_11b,2,119,76,20,0.6102564102564103,0.8561151079136691,0.7125748502994013,40.86694677871132,1230,139
2025-09-24_11-34-51,30,dsb4updn_median_200_11b,2,13,21,58,0.38235294117647056,0.18309859154929578,0.24761904761904763,60.128205128207846,91,71
2025-09-24_14-22-55,25,dsb4updn_median_200_11b,2,264,27,0,0.9072164948453608,1.0,0.9513513513513514,20.110606060606585,8673,264
2025-09-25_12-52-22,25,dsb4updn_median_200_11b,2,19,124,29,0.13286713286713286,0.3958333333333333,0.19895287958115182,45.196491228070094,442,48
2025-09-25_16-41-14,21,dsb4updn_median_200_11b,2,117,132,27,0.46987951807228917,0.8125,0.5954198473282443,42.79857549857339,1694,144
2025-09-23_16-17-52,24,dsb4updn_median_200_11b,2,38,29,34,0.5671641791044776,0.5277777777777778,0.5467625899280575,42.10701754385656,259,72
2025-09-25_11-21-53,21,dsb4updn_median_200_11b,2,134,43,68,0.7570621468926554,0.6633663366336634,0.7071240105540898,42.3947761194005,960,202
2025-09-24_10-24-40,30,dsb4updn_median_200_11b,2,55,42,37,0.5670103092783505,0.5978260869565217,0.582010582010582,44.42000000000156,476,92
2025-09-24_15-13-10,14,dsb4updn_median_200_11b,2,80,15,4,0.8421052631578947,0.9523809523809523,0.8938547486033519,30.072083333333648,1341,84
2025-09-24_16-29-07,5,dsb4updn_median_200_11b,2,35,202,5,0.14767932489451477,0.875,0.25270758122743686,35.119047619048395,1686,40
2025-09-24_17-38-17,13,dsb4updn_median_200_11b,2,13,102,2,0.11304347826086956,0.8666666666666667,0.19999999999999998,45.543589743575744,568,15
PV01ai32FPGA_250611_115923,29,dsb4updn_median_200_11b,2,133,56,77,0.7037037037037037,0.6333333333333333,0.6666666666666667,36.912531328323475,1572,210
PV01ai32FPGA_250611_122326,20,dsb4updn_median_200_11b,2,145,128,24,0.5311355311355311,0.8579881656804734,0.6561085972850679,31.51080459769948,2577,169
Calbai32FPGA_251003_150055,5,dsb4updn_median_200_11b,2,171,139,15,0.5516129032258065,0.9193548387096774,0.689516129032258,38.036452241717306,2585,186
Calbai32FPGA_251003_144832,11,dsb4updn_median_200_11b,2,172,121,21,0.5870307167235495,0.8911917098445595,0.7078189300411523,36.98934108527172,2360,193
2025-09-22_17-55-26,26,dsb4updn_median_200_11b,0,173,133,12,0.565359477124183,0.9351351351351351,0.7046843177189409,38.341425818881376,2492,185
2025-09-24_15-13-10,14,dsb4updn_median_200_11b,0,82,19,2,0.8118811881188119,0.9761904761904762,0.8864864864864865,31.3308943089436,1327,84
2025-09-23_16-17-52,24,dsb4updn_median_200_11b,0,42,51,30,0.45161290322580644,0.5833333333333334,0.509090909090909,40.300793650791526,354,72
2025-09-24_14-22-55,25,dsb4updn_median_200_11b,0,264,27,0,0.9072164948453608,1.0,0.9513513513513514,20.512121212121738,8417,264
2025-09-25_11-21-53,21,dsb4updn_median_200_11b,0,150,65,52,0.6976744186046512,0.7425742574257426,0.7194244604316546,41.20755555555287,1168,202
2025-09-25_12-52-22,25,dsb4updn_median_200_11b,0,25,225,23,0.1,0.5208333333333334,0.1677852348993289,47.00533333333042,849,48
2025-09-22_17-42-27,24,dsb4updn_median_200_11b,0,60,68,49,0.46875,0.5504587155963303,0.5063291139240507,48.102777777776254,600,109
2025-09-24_10-24-40,30,dsb4updn_median_200_11b,0,65,68,27,0.48872180451127817,0.7065217391304348,0.5777777777777777,44.10256410256597,675,92
2025-09-23_15-50-26,28,dsb4updn_median_200_11b,0,125,86,14,0.5924170616113744,0.8992805755395683,0.7142857142857143,40.7005333333336,1420,139
2025-09-24_11-34-51,30,dsb4updn_median_200_11b,0,16,19,55,0.45714285714285713,0.22535211267605634,0.3018867924528302,49.52500000000214,98,71
2025-09-25_16-41-14,21,dsb4updn_median_200_11b,0,116,134,28,0.464,0.8055555555555556,0.5888324873096448,42.86494252873333,1737,144
2025-09-24_16-29-07,5,dsb4updn_median_200_11b,0,36,215,4,0.14342629482071714,0.9,0.24742268041237117,36.44351851851814,1689,40
2025-09-24_17-38-17,13,dsb4updn_median_200_11b,0,15,107,0,0.12295081967213115,1.0,0.218978102189781,39.94444444443543,527,15
Calbai32FPGA_251003_150055,5,dsb4updn_median_200_11b,0,175,181,11,0.49157303370786515,0.9408602150537635,0.6457564575645756,35.796380952383025,2966,186
PV01ai32FPGA_250611_122326,20,dsb4updn_median_200_11b,0,141,171,28,0.4519230769230769,0.834319526627219,0.5862785862785863,33.007328605199696,2391,169
Calbai32FPGA_251003_144832,11,dsb4updn_median_200_11b,0,170,136,23,0.5555555555555556,0.8808290155440415,0.6813627254509018,36.895098039215085,2202,193
PV01ai32FPGA_250611_115923,29,dsb4updn_median_200_11b,0,105,37,105,0.7394366197183099,0.5,0.5965909090909091,37.76634920635289,1067,210
2025-09-22_17-42-27,24,dsb4updn_median_200_11f,120,45,44,64,0.5056179775280899,0.41284403669724773,0.45454545454545453,52.382222222220335,368,109
2025-09-24_14-22-55,25,dsb4updn_median_200_11f,120,264,31,0,0.8949152542372881,1.0,0.9445438282647585,21.898484848485374,7779,264
2025-09-25_16-41-14,21,dsb4updn_median_200_11f,120,115,99,29,0.5373831775700935,0.7986111111111112,0.6424581005586593,45.37072463767912,1443,144
2025-09-24_15-13-10,14,dsb4updn_median_200_11f,120,78,12,6,0.8666666666666667,0.9285714285714286,0.896551724137931,32.94658119658188,1031,84
2025-09-23_16-17-52,24,dsb4updn_median_200_11f,120,41,38,31,0.5189873417721519,0.5694444444444444,0.5430463576158941,43.72764227641981,257,72
2025-09-25_12-52-22,25,dsb4updn_median_200_11f,120,20,155,28,0.11428571428571428,0.4166666666666667,0.17937219730941703,51.016666666663426,464,48
2025-09-23_15-50-26,28,dsb4updn_median_200_11f,120,109,72,30,0.6022099447513812,0.7841726618705036,0.68125,42.7302752293587,1145,139
2025-09-22_17-55-26,26,dsb4updn_median_200_11f,120,165,99,20,0.625,0.8918918918918919,0.734966592427617,42.615151515151105,2068,185
2025-09-25_11-21-53,21,dsb4updn_median_200_11f,120,143,46,59,0.7566137566137566,0.7079207920792079,0.731457800511509,44.13449883449693,963,202
2025-09-24_10-24-40,30,dsb4updn_median_200_11f,120,58,46,34,0.5576923076923077,0.6304347826086957,0.5918367346938777,50.95747126436793,491,92
2025-09-24_11-34-51,30,dsb4updn_median_200_11f,120,14,15,57,0.4827586206896552,0.19718309859154928,0.27999999999999997,55.292857142857166,76,71
2025-09-24_17-38-17,13,dsb4updn_median_200_11f,120,15,83,0,0.15306122448979592,1.0,0.2654867256637168,41.34444444443543,405,15
2025-09-24_16-29-07,5,dsb4updn_median_200_11f,120,36,182,4,0.1651376146788991,0.9,0.27906976744186046,37.93796296296226,1356,40
Calbai32FPGA_251003_150055,5,dsb4updn_median_200_11f,120,176,114,10,0.6068965517241379,0.946236559139785,0.7394957983193278,38.697727272729054,2323,186
Calbai32FPGA_251003_144832,11,dsb4updn_median_200_11f,120,158,103,35,0.6053639846743295,0.8186528497409327,0.6960352422907489,36.43839662447252,1949,193
PV01ai32FPGA_250611_115923,29,dsb4updn_median_200_11f,120,110,45,100,0.7096774193548387,0.5238095238095238,0.6027397260273972,40.23757575757839,1062,210
PV01ai32FPGA_250611_122326,20,dsb4updn_median_200_11f,120,138,145,31,0.4876325088339223,0.8165680473372781,0.6106194690265486,34.54685990338048,2135,169
2025-09-25_16-41-14,21,dsb4updn_median_200_11f,20,115,106,29,0.5203619909502263,0.7986111111111112,0.6301369863013699,46.697681159418174,1460,144
2025-09-25_11-21-53,21,dsb4updn_median_200_11f,20,138,42,64,0.7666666666666667,0.6831683168316832,0.7225130890052356,45.596859903379546,963,202
2025-09-23_15-50-26,28,dsb4updn_median_200_11f,20,110,65,29,0.6285714285714286,0.7913669064748201,0.7006369426751592,44.523939393939756,1121,139
2025-09-25_12-52-22,25,dsb4updn_median_200_11f,20,18,117,30,0.13333333333333333,0.375,0.19672131147540986,51.774074074071194,354,48
2025-09-24_11-34-51,30,dsb4updn_median_200_11f,20,15,17,56,0.46875,0.2112676056338028,0.2912621359223301,52.417777777777154,80,71
2025-09-24_15-13-10,14,dsb4updn_median_200_11f,20,78,13,6,0.8571428571428571,0.9285714285714286,0.8914285714285715,32.59230769230822,1044,84
2025-09-24_10-24-40,30,dsb4updn_median_200_11f,20,62,46,30,0.5740740740740741,0.6739130434782609,0.62,48.98064516129248,490,92
2025-09-23_16-17-52,24,dsb4updn_median_200_11f,20,40,47,32,0.45977011494252873,0.5555555555555556,0.5031446540880503,44.546666666664166,287,72
2025-09-22_17-42-27,24,dsb4updn_median_200_11f,20,45,41,64,0.5232558139534884,0.41284403669724773,0.46153846153846156,48.298518518516964,366,109
2025-09-24_14-22-55,25,dsb4updn_median_200_11f,20,264,20,0,0.9295774647887324,1.0,0.9635036496350364,22.1977272727278,7686,264
2025-09-22_17-55-26,26,dsb4updn_median_200_11f,20,164,92,21,0.640625,0.8864864864864865,0.743764172335601,39.60650406503984,2099,185
2025-09-24_17-38-17,13,dsb4updn_median_200_11f,20,14,99,1,0.12389380530973451,0.9333333333333333,0.21875,41.24523809523232,465,15
2025-09-24_16-29-07,5,dsb4updn_median_200_11f,20,37,185,3,0.16666666666666666,0.925,0.282442748091603,35.90180180180128,1369,40
Calbai32FPGA_251003_144832,11,dsb4updn_median_200_11f,20,160,117,33,0.5776173285198556,0.8290155440414507,0.6808510638297871,38.101250000000384,1984,193
Calbai32FPGA_251003_150055,5,dsb4updn_median_200_11f,20,167,111,19,0.6007194244604317,0.8978494623655914,0.7198275862068967,38.19980039920314,2341,186
PV01ai32FPGA_250611_122326,20,dsb4updn_median_200_11f,20,135,135,34,0.5,0.7988165680473372,0.6150341685649203,34.092592592591345,2129,169
PV01ai32FPGA_250611_115923,29,dsb4updn_median_200_11f,20,108,50,102,0.6835443037974683,0.5142857142857142,0.5869565217391304,41.22685185185432,1170,210
2025-09-23_16-17-52,24,dsb4updn_median_200_11f,2,31,17,41,0.6458333333333334,0.4305555555555556,0.5166666666666667,41.36451612903001,188,72
2025-09-24_14-22-55,25,dsb4updn_median_200_11f,2,263,20,1,0.9293286219081273,0.9962121212121212,0.9616087751371115,22.343852978454283,7632,264
2025-09-23_15-50-26,28,dsb4updn_median_200_11f,2,104,51,35,0.6709677419354839,0.7482014388489209,0.7074829931972789,41.67179487179578,980,139
2025-09-22_17-55-26,26,dsb4updn_median_200_11f,2,151,51,34,0.7475247524752475,0.8162162162162162,0.7803617571059432,41.85673289183192,1809,185
2025-09-25_12-52-22,25,dsb4updn_median_200_11f,2,15,93,33,0.1388888888888889,0.3125,0.1923076923076923,52.808888888889,282,48
2025-09-25_11-21-53,21,dsb4updn_median_200_11f,2,112,30,90,0.7887323943661971,0.5544554455445545,0.6511627906976745,44.5312499999976,766,202
2025-09-24_10-24-40,30,dsb4updn_median_200_11f,2,50,38,42,0.5681818181818182,0.5434782608695652,0.5555555555555556,50.84466666666936,406,92
2025-09-24_15-13-10,14,dsb4updn_median_200_11f,2,77,13,7,0.8555555555555555,0.9166666666666666,0.8850574712643678,32.4233766233767,1117,84
2025-09-25_16-41-14,21,dsb4updn_median_200_11f,2,109,105,35,0.5093457943925234,0.7569444444444444,0.6089385474860336,42.99602446483033,1437,144
2025-09-24_11-34-51,30,dsb4updn_median_200_11f,2,6,18,65,0.25,0.08450704225352113,0.12631578947368421,63.41666666666364,65,71
2025-09-22_17-42-27,24,dsb4updn_median_200_11f,2,42,22,67,0.65625,0.3853211009174312,0.48554913294797697,50.30714285714008,339,109
2025-09-24_16-29-07,5,dsb4updn_median_200_11f,2,35,186,5,0.1583710407239819,0.875,0.26819923371647514,33.719047619048396,1366,40
2025-09-24_17-38-17,13,dsb4updn_median_200_11f,2,14,77,1,0.15384615384615385,0.9333333333333333,0.2641509433962264,48.09761904760938,451,15
Calbai32FPGA_251003_144832,11,dsb4updn_median_200_11f,2,167,102,26,0.620817843866171,0.8652849740932642,0.722943722943723,38.742115768463115,1957,193
PV01ai32FPGA_250611_122326,20,dsb4updn_median_200_11f,2,133,101,36,0.5683760683760684,0.7869822485207101,0.6600496277915633,35.013283208018535,2135,169
PV01ai32FPGA_250611_115923,29,dsb4updn_median_200_11f,2,127,60,83,0.679144385026738,0.6047619047619047,0.6397984886649873,36.41758530184005,1308,210
Calbai32FPGA_251003_150055,5,dsb4updn_median_200_11f,2,164,108,22,0.6029411764705882,0.8817204301075269,0.7161572052401747,38.64186991870121,2191,186
2025-09-23_16-17-52,24,dsb4updn_median_200_11f,0,38,44,34,0.4634146341463415,0.5277777777777778,0.4935064935064935,43.28771929824564,267,72
2025-09-25_12-52-22,25,dsb4updn_median_200_11f,0,19,200,29,0.0867579908675799,0.3958333333333333,0.14232209737827714,47.48596491227851,599,48
2025-09-24_14-22-55,25,dsb4updn_median_200_11f,0,264,24,0,0.9166666666666666,1.0,0.9565217391304348,22.387121212121738,7384,264
2025-09-24_15-13-10,14,dsb4updn_median_200_11f,0,79,14,5,0.8494623655913979,0.9404761904761905,0.8926553672316385,33.692827004219275,1043,84
2025-09-25_11-21-53,21,dsb4updn_median_200_11f,0,135,51,67,0.7258064516129032,0.6683168316831684,0.6958762886597939,42.812592592589986,937,202
2025-09-22_17-42-27,24,dsb4updn_median_200_11f,0,50,72,59,0.4098360655737705,0.45871559633027525,0.43290043290043295,48.837333333332026,476,109
2025-09-24_11-34-51,30,dsb4updn_median_200_11f,0,15,22,56,0.40540540540540543,0.2112676056338028,0.2777777777777778,55.584444444443825,79,71
2025-09-25_16-41-14,21,dsb4updn_median_200_11f,0,112,88,32,0.56,0.7777777777777778,0.6511627906976745,44.768154761902615,1468,144
2025-09-22_17-55-26,26,dsb4updn_median_200_11f,0,166,99,19,0.6264150943396226,0.8972972972972973,0.7377777777777778,39.524899598392985,2151,185
2025-09-23_15-50-26,28,dsb4updn_median_200_11f,0,112,72,27,0.6086956521739131,0.8057553956834532,0.693498452012384,41.8747023809525,1215,139
2025-09-24_10-24-40,30,dsb4updn_median_200_11f,0,63,53,29,0.5431034482758621,0.6847826086956522,0.6057692307692307,49.04708994709215,532,92
2025-09-24_17-38-17,13,dsb4updn_median_200_11f,0,15,84,0,0.15151515151515152,1.0,0.2631578947368421,46.87777777776876,384,15
2025-09-24_16-29-07,5,dsb4updn_median_200_11f,0,35,186,5,0.1583710407239819,0.875,0.26819923371647514,37.78190476190421,1377,40
PV01ai32FPGA_250611_122326,20,dsb4updn_median_200_11f,0,135,131,34,0.5075187969924813,0.7988165680473372,0.6206896551724138,34.064444444442856,2003,169
Calbai32FPGA_251003_144832,11,dsb4updn_median_200_11f,0,160,100,33,0.6153846153846154,0.8290155440414507,0.7064017660044151,38.55374999999982,1851,193
PV01ai32FPGA_250611_115923,29,dsb4updn_median_200_11f,0,100,32,110,0.7575757575757576,0.47619047619047616,0.5847953216374269,40.30966666667112,893,210
Calbai32FPGA_251003_150055,5,dsb4updn_median_200_11f,0,175,143,11,0.550314465408805,0.9408602150537635,0.6944444444444444,37.57257142857319,2592,186
2025-09-22_17-55-26,26,dsb4updn_median_200_12b,120,132,30,53,0.8148148148148148,0.7135135135135136,0.7608069164265131,30.00984848484946,1565,185
2025-09-24_10-24-40,30,dsb4updn_median_200_12b,120,34,12,58,0.7391304347826086,0.3695652173913043,0.49275362318840565,35.72647058823821,236,92
2025-09-23_16-17-52,24,dsb4updn_median_200_12b,120,14,6,58,0.7,0.19444444444444445,0.30434782608695654,27.59285714285735,88,72
2025-09-23_15-50-26,28,dsb4updn_median_200_12b,120,80,24,59,0.7692307692307693,0.5755395683453237,0.6584362139917695,32.194166666666455,675,139
2025-09-22_17-42-27,24,dsb4updn_median_200_12b,120,24,13,85,0.6486486486486487,0.22018348623853212,0.3287671232876712,38.84583333333452,144,109
2025-09-24_11-34-51,30,dsb4updn_median_200_12b,120,4,2,67,0.6666666666666666,0.056338028169014086,0.1038961038961039,39.65833333333194,9,71
2025-09-25_11-21-53,21,dsb4updn_median_200_12b,120,91,19,111,0.8272727272727273,0.4504950495049505,0.5833333333333334,32.26923076922957,605,202
2025-09-24_14-22-55,25,dsb4updn_median_200_12b,120,259,29,5,0.8993055555555556,0.9810606060606061,0.9384057971014492,18.983526383526947,5587,264
2025-09-24_15-13-10,14,dsb4updn_median_200_12b,120,68,12,16,0.85,0.8095238095238095,0.8292682926829269,24.388725490197004,841,84
2025-09-25_12-52-22,25,dsb4updn_median_200_12b,120,6,47,42,0.11320754716981132,0.125,0.1188118811881188,40.17222222222032,137,48
2025-09-25_16-41-14,21,dsb4updn_median_200_12b,120,84,44,60,0.65625,0.5833333333333334,0.6176470588235293,30.194841269838175,1074,144
2025-09-24_16-29-07,5,dsb4updn_median_200_12b,120,30,87,10,0.2564102564102564,0.75,0.38216560509554137,22.395555555552967,806,40
2025-09-24_17-38-17,13,dsb4updn_median_200_12b,120,10,28,5,0.2631578947368421,0.6666666666666666,0.3773584905660377,33.00333333333047,204,15
Calbai32FPGA_251003_150055,5,dsb4updn_median_200_12b,120,144,42,42,0.7741935483870968,0.7741935483870968,0.7741935483870968,25.432870370371973,1670,186
PV01ai32FPGA_250611_115923,29,dsb4updn_median_200_12b,120,83,9,127,0.9021739130434783,0.3952380952380952,0.5496688741721855,28.765863453818593,824,210
Calbai32FPGA_251003_144832,11,dsb4updn_median_200_12b,120,127,39,66,0.7650602409638554,0.6580310880829016,0.7075208913649025,26.12309711286125,1335,193
PV01ai32FPGA_250611_122326,20,dsb4updn_median_200_12b,120,111,43,58,0.7207792207792207,0.6568047337278107,0.6873065015479876,21.99309309309059,1741,169
2025-09-23_15-50-26,28,dsb4updn_median_200_12b,20,75,24,64,0.7575757575757576,0.539568345323741,0.6302521008403361,30.860888888887786,604,139
2025-09-25_12-52-22,25,dsb4updn_median_200_12b,20,6,42,42,0.125,0.125,0.125,23.488888888884503,144,48
2025-09-25_11-21-53,21,dsb4updn_median_200_12b,20,92,21,110,0.8141592920353983,0.45544554455445546,0.5841269841269842,34.06123188405621,571,202
2025-09-23_16-17-52,24,dsb4updn_median_200_12b,20,14,9,58,0.6086956521739131,0.19444444444444445,0.2947368421052632,32.17380952381375,81,72
2025-09-24_15-13-10,14,dsb4updn_median_200_12b,20,71,10,13,0.8765432098765432,0.8452380952380952,0.8606060606060606,25.400469483568706,808,84
2025-09-25_16-41-14,21,dsb4updn_median_200_12b,20,82,45,62,0.6456692913385826,0.5694444444444444,0.6051660516605165,33.70487804877928,1060,144
2025-09-24_10-24-40,30,dsb4updn_median_200_12b,20,41,16,51,0.7192982456140351,0.44565217391304346,0.5503355704697986,35.96991869919009,252,92
2025-09-24_11-34-51,30,dsb4updn_median_200_12b,20,5,2,66,0.7142857142857143,0.07042253521126761,0.12820512820512822,43.04666666666672,20,71
2025-09-24_14-22-55,25,dsb4updn_median_200_12b,20,254,26,10,0.9071428571428571,0.9621212121212122,0.9338235294117646,20.13267716535502,5408,264
2025-09-22_17-42-27,24,dsb4updn_median_200_12b,20,24,17,85,0.5853658536585366,0.22018348623853212,0.32,37.831944444447196,148,109
2025-09-22_17-55-26,26,dsb4updn_median_200_12b,20,135,26,50,0.8385093167701864,0.7297297297297297,0.7803468208092486,29.267407407406793,1587,185
2025-09-24_16-29-07,5,dsb4updn_median_200_12b,20,32,84,8,0.27586206896551724,0.8,0.4102564102564103,26.53854166666612,797,40
2025-09-24_17-38-17,13,dsb4updn_median_200_12b,20,12,24,3,0.3333333333333333,0.8,0.47058823529411764,31.658333333331104,212,15
PV01ai32FPGA_250611_115923,29,dsb4updn_median_200_12b,20,78,11,132,0.8764044943820225,0.37142857142857144,0.5217391304347827,26.63504273504549,919,210
Calbai32FPGA_251003_150055,5,dsb4updn_median_200_12b,20,144,49,42,0.7461139896373057,0.7741935483870968,0.7598944591029023,26.1550925925943,1765,186
Calbai32FPGA_251003_144832,11,dsb4updn_median_200_12b,20,135,40,58,0.7714285714285715,0.6994818652849741,0.7336956521739131,27.04839506172971,1455,193
PV01ai32FPGA_250611_122326,20,dsb4updn_median_200_12b,20,115,55,54,0.6764705882352942,0.6804733727810651,0.6784660766961653,24.216521739129238,1698,169
2025-09-22_17-55-26,26,dsb4updn_median_200_12b,2,121,31,64,0.7960526315789473,0.654054054054054,0.7181008902077152,30.03691460055192,1566,185
2025-09-24_11-34-51,30,dsb4updn_median_200_12b,2,4,1,67,0.8,0.056338028169014086,0.10526315789473684,37.091666666680794,15,71
2025-09-24_10-24-40,30,dsb4updn_median_200_12b,2,34,12,58,0.7391304347826086,0.3695652173913043,0.49275362318840565,41.07549019607776,201,92
2025-09-25_11-21-53,21,dsb4updn_median_200_12b,2,73,7,129,0.9125,0.3613861386138614,0.5177304964539007,32.365753424655104,431,202
2025-09-23_16-17-52,24,dsb4updn_median_200_12b,2,15,3,57,0.8333333333333334,0.20833333333333334,0.33333333333333337,27.53555555555504,62,72
2025-09-25_16-41-14,21,dsb4updn_median_200_12b,2,87,38,57,0.696,0.6041666666666666,0.6468401486988846,34.66513409961571,887,144
2025-09-24_15-13-10,14,dsb4updn_median_200_12b,2,70,10,14,0.875,0.8333333333333334,0.8536585365853658,25.956666666667196,827,84
2025-09-22_17-42-27,24,dsb4updn_median_200_12b,2,28,7,81,0.8,0.25688073394495414,0.3888888888888889,44.30714285714547,164,109
2025-09-25_12-52-22,25,dsb4updn_median_200_12b,2,6,35,42,0.14634146341463414,0.125,0.1348314606741573,40.87222222222135,86,48
2025-09-23_15-50-26,28,dsb4updn_median_200_12b,2,78,24,61,0.7647058823529411,0.5611510791366906,0.6473029045643153,30.384188034189485,555,139
2025-09-24_14-22-55,25,dsb4updn_median_200_12b,2,259,24,5,0.9151943462897526,0.9810606060606061,0.9469835466179158,19.173230373230986,5386,264
2025-09-24_16-29-07,5,dsb4updn_median_200_12b,2,29,76,11,0.2761904761904762,0.725,0.4,21.467816091952752,829,40
2025-09-24_17-38-17,13,dsb4updn_median_200_12b,2,12,31,3,0.27906976744186046,0.8,0.4137931034482758,43.01666666665551,184,15
Calbai32FPGA_251003_144832,11,dsb4updn_median_200_12b,2,134,41,59,0.7657142857142857,0.694300518134715,0.7282608695652173,27.83905472636987,1305,193
PV01ai32FPGA_250611_122326,20,dsb4updn_median_200_12b,2,114,43,55,0.7261146496815286,0.6745562130177515,0.6993865030674846,25.82865497075853,1731,169
PV01ai32FPGA_250611_115923,29,dsb4updn_median_200_12b,2,79,13,131,0.8586956521739131,0.3761904761904762,0.5231788079470199,25.731223628694206,952,210
Calbai32FPGA_251003_150055,5,dsb4updn_median_200_12b,2,136,53,50,0.7195767195767195,0.7311827956989247,0.7253333333333333,27.214705882355236,1556,186
2025-09-23_15-50-26,28,dsb4updn_median_200_12b,0,86,27,53,0.7610619469026548,0.6187050359712231,0.6825396825396826,31.984108527131653,696,139
2025-09-24_10-24-40,30,dsb4updn_median_200_12b,0,37,13,55,0.74,0.40217391304347827,0.5211267605633803,38.151351351353085,193,92
2025-09-22_17-42-27,24,dsb4updn_median_200_12b,0,30,18,79,0.625,0.27522935779816515,0.3821656050955414,40.14777777777866,193,109
2025-09-25_11-21-53,21,dsb4updn_median_200_12b,0,88,16,114,0.8461538461538461,0.43564356435643564,0.5751633986928104,33.66439393939213,544,202
2025-09-22_17-55-26,26,dsb4updn_median_200_12b,0,133,38,52,0.7777777777777778,0.7189189189189189,0.747191011235955,27.74360902255653,1813,185
2025-09-25_16-41-14,21,dsb4updn_median_200_12b,0,82,42,62,0.6612903225806451,0.5694444444444444,0.6119402985074627,33.317073170729934,1065,144
2025-09-24_11-34-51,30,dsb4updn_median_200_12b,0,4,2,67,0.6666666666666666,0.056338028169014086,0.1038961038961039,42.20833333332757,12,71
2025-09-24_15-13-10,14,dsb4updn_median_200_12b,0,68,12,16,0.85,0.8095238095238095,0.8292682926829269,24.808823529412035,819,84
2025-09-24_14-22-55,25,dsb4updn_median_200_12b,0,258,26,6,0.9084507042253521,0.9772727272727273,0.9416058394160584,20.719379844961814,5116,264
2025-09-25_12-52-22,25,dsb4updn_median_200_12b,0,9,65,39,0.12162162162162163,0.1875,0.1475409836065574,33.59259259259003,195,48
2025-09-23_16-17-52,24,dsb4updn_median_200_12b,0,16,6,56,0.7272727272727273,0.2222222222222222,0.3404255319148936,29.004166666668425,81,72
2025-09-24_16-29-07,5,dsb4updn_median_200_12b,0,32,79,8,0.2882882882882883,0.8,0.423841059602649,24.886458333332726,717,40
2025-09-24_17-38-17,13,dsb4updn_median_200_12b,0,10,28,5,0.2631578947368421,0.6666666666666666,0.3773584905660377,41.11666666666069,169,15
PV01ai32FPGA_250611_122326,20,dsb4updn_median_200_12b,0,103,34,66,0.7518248175182481,0.6094674556213018,0.673202614379085,22.616181229770802,1567,169
PV01ai32FPGA_250611_115923,29,dsb4updn_median_200_12b,0,72,10,138,0.8780487804878049,0.34285714285714286,0.4931506849315069,31.117129629630263,699,210
Calbai32FPGA_251003_144832,11,dsb4updn_median_200_12b,0,134,37,59,0.783625730994152,0.694300518134715,0.7362637362637363,27.40472636815937,1265,193
Calbai32FPGA_251003_150055,5,dsb4updn_median_200_12b,0,149,61,37,0.7095238095238096,0.8010752688172043,0.7525252525252526,24.430648769576752,1925,186
2025-09-23_16-17-52,24,dsb4updn_median_200_13f,120,39,37,33,0.5131578947368421,0.5416666666666666,0.5270270270270271,43.110256410253875,294,72
2025-09-24_14-22-55,25,dsb4updn_median_200_13f,120,264,33,0,0.8888888888888888,1.0,0.9411764705882353,22.03863636363689,7932,264
2025-09-22_17-55-26,26,dsb4updn_median_200_13f,120,168,100,17,0.6268656716417911,0.9081081081081082,0.7417218543046359,43.37043650793581,2204,185
2025-09-25_16-41-14,21,dsb4updn_median_200_13f,120,115,116,29,0.49783549783549785,0.7986111111111112,0.6133333333333334,44.38898550724401,1579,144
2025-09-24_10-24-40,30,dsb4updn_median_200_13f,120,60,54,32,0.5263157894736842,0.6521739130434783,0.5825242718446602,49.143333333334645,565,92
2025-09-23_15-50-26,28,dsb4updn_median_200_13f,120,112,81,27,0.5803108808290155,0.8057553956834532,0.6746987951807228,42.049107142857515,1254,139
2025-09-24_15-13-10,14,dsb4updn_median_200_13f,120,79,14,5,0.8494623655913979,0.9404761904761905,0.8926553672316385,33.29409282700464,1109,84
2025-09-25_11-21-53,21,dsb4updn_median_200_13f,120,141,55,61,0.7193877551020408,0.698019801980198,0.708542713567839,44.09550827422972,1102,202
2025-09-22_17-42-27,24,dsb4updn_median_200_13f,120,43,46,66,0.48314606741573035,0.3944954128440367,0.43434343434343436,54.01085271317725,407,109
2025-09-25_12-52-22,25,dsb4updn_median_200_13f,120,20,160,28,0.1111111111111111,0.4166666666666667,0.17543859649122806,53.21499999999605,573,48
2025-09-24_11-34-51,30,dsb4updn_median_200_13f,120,14,19,57,0.42424242424242425,0.19718309859154928,0.2692307692307692,51.94523809523902,91,71
2025-09-24_16-29-07,5,dsb4updn_median_200_13f,120,36,207,4,0.14814814814814814,0.9,0.254416961130742,37.71666666666575,1492,40
2025-09-24_17-38-17,13,dsb4updn_median_200_13f,120,15,91,0,0.14150943396226415,1.0,0.24793388429752064,38.34444444443543,494,15
Calbai32FPGA_251003_144832,11,dsb4updn_median_200_13f,120,161,114,32,0.5854545454545454,0.8341968911917098,0.688034188034188,39.166873706004665,2074,193
Calbai32FPGA_251003_150055,5,dsb4updn_median_200_13f,120,172,129,14,0.5714285714285714,0.9247311827956989,0.7063655030800821,38.002325581397464,2472,186
PV01ai32FPGA_250611_122326,20,dsb4updn_median_200_13f,120,141,174,28,0.44761904761904764,0.834319526627219,0.5826446280991736,34.69929078014049,2351,169
PV01ai32FPGA_250611_115923,29,dsb4updn_median_200_13f,120,121,48,89,0.7159763313609467,0.5761904761904761,0.6385224274406331,40.7308539944929,1140,210
2025-09-24_14-22-55,25,dsb4updn_median_200_13f,20,264,22,0,0.9230769230769231,1.0,0.9600000000000001,22.618181818182343,7727,264
2025-09-24_11-34-51,30,dsb4updn_median_200_13f,20,22,13,49,0.6285714285714286,0.30985915492957744,0.4150943396226415,49.66969696969822,98,71
2025-09-25_12-52-22,25,dsb4updn_median_200_13f,20,21,126,27,0.14285714285714285,0.4375,0.2153846153846154,48.56190476190221,435,48
2025-09-25_16-41-14,21,dsb4updn_median_200_13f,20,116,108,28,0.5178571428571429,0.8055555555555556,0.6304347826086957,47.18649425287079,1563,144
2025-09-24_10-24-40,30,dsb4updn_median_200_13f,20,62,56,30,0.5254237288135594,0.6739130434782609,0.5904761904761905,45.39086021505512,577,92
2025-09-23_15-50-26,28,dsb4updn_median_200_13f,20,113,75,26,0.601063829787234,0.8129496402877698,0.691131498470948,43.854277286136124,1225,139
2025-09-22_17-42-27,24,dsb4updn_median_200_13f,20,45,44,64,0.5056179775280899,0.41284403669724773,0.45454545454545453,46.64666666666684,411,109
2025-09-22_17-55-26,26,dsb4updn_median_200_13f,20,168,99,17,0.6292134831460674,0.9081081081081082,0.743362831858407,42.438690476189606,2263,185
2025-09-23_16-17-52,24,dsb4updn_median_200_13f,20,39,50,33,0.43820224719101125,0.5416666666666666,0.48447204968944096,43.23846153845863,321,72
2025-09-25_11-21-53,21,dsb4updn_median_200_13f,20,146,42,56,0.776595744680851,0.7227722772277227,0.7487179487179487,45.85753424657268,1082,202
2025-09-24_15-13-10,14,dsb4updn_median_200_13f,20,79,16,5,0.8315789473684211,0.9404761904761905,0.88268156424581,33.140084388186196,1113,84
2025-09-24_17-38-17,13,dsb4updn_median_200_13f,20,14,100,1,0.12280701754385964,0.9333333333333333,0.21705426356589147,43.88809523808946,527,15
2025-09-24_16-29-07,5,dsb4updn_median_200_13f,20,37,215,3,0.14682539682539683,0.925,0.2534246575342466,35.84774774774722,1524,40
PV01ai32FPGA_250611_122326,20,dsb4updn_median_200_13f,20,141,142,28,0.49823321554770317,0.834319526627219,0.6238938053097345,34.932151300235326,2325,169
PV01ai32FPGA_250611_115923,29,dsb4updn_median_200_13f,20,118,61,92,0.659217877094972,0.5619047619047619,0.6066838046272494,39.43050847457991,1278,210
Calbai32FPGA_251003_150055,5,dsb4updn_median_200_13f,20,168,120,18,0.5833333333333334,0.9032258064516129,0.7088607594936709,37.7831349206369,2528,186
Calbai32FPGA_251003_144832,11,dsb4updn_median_200_13f,20,168,125,25,0.5733788395904437,0.8704663212435233,0.6913580246913579,39.591468253968564,2147,193
2025-09-22_17-42-27,24,dsb4updn_median_200_13f,2,41,25,68,0.6212121212121212,0.3761467889908257,0.4685714285714286,51.7552845528431,387,109
2025-09-25_11-21-53,21,dsb4updn_median_200_13f,2,123,30,79,0.803921568627451,0.6089108910891089,0.6929577464788733,44.17588075880432,839,202
2025-09-24_11-34-51,30,dsb4updn_median_200_13f,2,9,21,62,0.3,0.1267605633802817,0.1782178217821782,45.54444444444693,75,71
2025-09-25_12-52-22,25,dsb4updn_median_200_13f,2,18,121,30,0.12949640287769784,0.375,0.19251336898395724,51.74629629629534,370,48
2025-09-23_16-17-52,24,dsb4updn_median_200_13f,2,36,19,36,0.6545454545454545,0.5,0.5669291338582677,40.827777777775026,217,72
2025-09-23_15-50-26,28,dsb4updn_median_200_13f,2,106,70,33,0.6022727272727273,0.762589928057554,0.6730158730158731,43.27578616352224,1058,139
2025-09-22_17-55-26,26,dsb4updn_median_200_13f,2,153,60,32,0.7183098591549296,0.827027027027027,0.7688442211055277,43.36949891067501,1906,185
2025-09-24_14-22-55,25,dsb4updn_median_200_13f,2,263,19,1,0.9326241134751773,0.9962121212121212,0.9633699633699633,22.460076045627915,7706,264
2025-09-24_10-24-40,30,dsb4updn_median_200_13f,2,51,43,41,0.5425531914893617,0.5543478260869565,0.5483870967741936,48.47581699346483,441,92
2025-09-24_15-13-10,14,dsb4updn_median_200_13f,2,78,13,6,0.8571428571428571,0.9285714285714286,0.8914285714285715,33.5987179487181,1174,84
2025-09-25_16-41-14,21,dsb4updn_median_200_13f,2,111,116,33,0.4889867841409692,0.7708333333333334,0.5983827493261455,45.57567567567405,1538,144
2025-09-24_16-29-07,5,dsb4updn_median_200_13f,2,35,189,5,0.15625,0.875,0.26515151515151514,35.14761904761982,1488,40
2025-09-24_17-38-17,13,dsb4updn_median_200_13f,2,14,84,1,0.14285714285714285,0.9333333333333333,0.24778761061946902,43.66904761903795,501,15
Calbai32FPGA_251003_144832,11,dsb4updn_median_200_13f,2,170,112,23,0.6028368794326241,0.8808290155440415,0.7157894736842105,38.87921568627489,2135,193
PV01ai32FPGA_250611_115923,29,dsb4updn_median_200_13f,2,131,45,79,0.7443181818181818,0.6238095238095238,0.6787564766839379,38.13104325700008,1386,210
Calbai32FPGA_251003_150055,5,dsb4updn_median_200_13f,2,167,131,19,0.5604026845637584,0.8978494623655914,0.6900826446280991,40.67225548902401,2367,186
PV01ai32FPGA_250611_122326,20,dsb4updn_median_200_13f,2,134,114,35,0.5403225806451613,0.7928994082840237,0.6426858513189448,35.81318407960051,2340,169
2025-09-22_17-42-27,24,dsb4updn_median_200_13f,0,57,71,52,0.4453125,0.5229357798165137,0.48101265822784806,46.32280701754385,565,109
2025-09-23_16-17-52,24,dsb4updn_median_200_13f,0,37,41,35,0.47435897435897434,0.5138888888888888,0.4933333333333333,42.83333333333202,296,72
2025-09-22_17-55-26,26,dsb4updn_median_200_13f,0,169,119,16,0.5868055555555556,0.9135135135135135,0.7145877378435518,40.993096646941964,2325,185
2025-09-25_11-21-53,21,dsb4updn_median_200_13f,0,138,54,64,0.71875,0.6831683168316832,0.700507614213198,43.58019323671238,1052,202
2025-09-24_14-22-55,25,dsb4updn_median_200_13f,0,264,28,0,0.9041095890410958,1.0,0.949640287769784,22.91742424242477,7475,264
2025-09-23_15-50-26,28,dsb4updn_median_200_13f,0,113,75,26,0.601063829787234,0.8129496402877698,0.691131498470948,42.51091445427718,1314,139
2025-09-24_10-24-40,30,dsb4updn_median_200_13f,0,63,61,29,0.5080645161290323,0.6847826086956522,0.5833333333333335,47.387830687833016,604,92
2025-09-24_11-34-51,30,dsb4updn_median_200_13f,0,16,20,55,0.4444444444444444,0.22535211267605634,0.29906542056074764,49.795833333334144,88,71
2025-09-24_15-13-10,14,dsb4updn_median_200_13f,0,79,15,5,0.8404255319148937,0.9404761904761905,0.8876404494382023,33.44261603375537,1129,84
2025-09-25_16-41-14,21,dsb4updn_median_200_13f,0,109,102,35,0.5165876777251185,0.7569444444444444,0.6140845070422536,44.514678899079286,1556,144
2025-09-25_12-52-22,25,dsb4updn_median_200_13f,0,18,212,30,0.0782608695652174,0.375,0.12949640287769787,49.31296296296073,749,48
2025-09-24_17-38-17,13,dsb4updn_median_200_13f,0,15,102,0,0.1282051282051282,1.0,0.22727272727272727,44.8111111111021,464,15
2025-09-24_16-29-07,5,dsb4updn_median_200_13f,0,37,196,3,0.15879828326180256,0.925,0.271062271062271,39.7621621621619,1486,40
Calbai32FPGA_251003_150055,5,dsb4updn_median_200_13f,0,172,151,14,0.5325077399380805,0.9247311827956989,0.6758349705304519,37.26996124031198,2728,186
Calbai32FPGA_251003_144832,11,dsb4updn_median_200_13f,0,161,117,32,0.579136690647482,0.8341968911917098,0.6836518046709129,40.39710144927471,1966,193
PV01ai32FPGA_250611_115923,29,dsb4updn_median_200_13f,0,101,31,109,0.7651515151515151,0.48095238095238096,0.5906432748538011,40.981848184821274,931,210
PV01ai32FPGA_250611_122326,20,dsb4updn_median_200_13f,0,139,145,30,0.4894366197183099,0.8224852071005917,0.6136865342163355,34.97673860911043,2187,169
2025-09-25_16-41-14,21,dsb4updn_median_200_14b,120,114,164,30,0.41007194244604317,0.7916666666666666,0.5402843601895735,42.00789473683963,1921,144
2025-09-25_12-52-22,25,dsb4updn_median_200_14b,120,27,205,21,0.11637931034482758,0.5625,0.19285714285714284,46.20987654320662,812,48
2025-09-24_15-13-10,14,dsb4updn_median_200_14b,120,78,17,6,0.8210526315789474,0.9285714285714286,0.8715083798882681,32.08760683760715,1261,84
2025-09-22_17-55-26,26,dsb4updn_median_200_14b,120,171,125,14,0.5777027027027027,0.9243243243243243,0.7110187110187112,42.552241715399155,2484,185
2025-09-24_10-24-40,30,dsb4updn_median_200_14b,120,69,68,23,0.5036496350364964,0.75,0.6026200873362445,46.22318840579913,704,92
2025-09-23_16-17-52,24,dsb4updn_median_200_14b,120,47,62,25,0.43119266055045874,0.6527777777777778,0.5193370165745858,42.75106382978575,398,72
2025-09-22_17-42-27,24,dsb4updn_median_200_14b,120,55,81,54,0.40441176470588236,0.5045871559633027,0.4489795918367347,49.26303030302869,585,109
2025-09-25_11-21-53,21,dsb4updn_median_200_14b,120,152,61,50,0.7136150234741784,0.7524752475247525,0.7325301204819277,44.26184210526169,1302,202
2025-09-24_14-22-55,25,dsb4updn_median_200_14b,120,264,37,0,0.8770764119601329,1.0,0.9345132743362832,20.550000000000527,8686,264
2025-09-23_15-50-26,28,dsb4updn_median_200_14b,120,120,95,19,0.5581395348837209,0.8633093525179856,0.6779661016949152,42.356388888888844,1473,139
2025-09-24_11-34-51,30,dsb4updn_median_200_14b,120,18,30,53,0.375,0.2535211267605634,0.3025210084033613,48.69074074074155,146,71
2025-09-24_17-38-17,13,dsb4updn_median_200_14b,120,15,132,0,0.10204081632653061,1.0,0.1851851851851852,38.011111111102096,640,15
2025-09-24_16-29-07,5,dsb4updn_median_200_14b,120,37,251,3,0.1284722222222222,0.925,0.22560975609756098,37.54594594594568,1860,40
PV01ai32FPGA_250611_115923,29,dsb4updn_median_200_14b,120,124,74,86,0.6262626262626263,0.5904761904761905,0.6078431372549019,40.62016129032571,1394,210
Calbai32FPGA_251003_150055,5,dsb4updn_median_200_14b,120,175,162,11,0.5192878338278932,0.9408602150537635,0.6692160611854685,37.54495238095444,2908,186
Calbai32FPGA_251003_144832,11,dsb4updn_median_200_14b,120,170,152,23,0.5279503105590062,0.8808290155440415,0.6601941747572816,37.08274509803884,2381,193
PV01ai32FPGA_250611_122326,20,dsb4updn_median_200_14b,120,144,216,25,0.4,0.8520710059171598,0.5444234404536863,33.25949074073938,2822,169
2025-09-22_17-42-27,24,dsb4updn_median_200_14b,20,49,66,60,0.4260869565217391,0.44954128440366975,0.43750000000000006,48.77823129251582,567,109
2025-09-24_14-22-55,25,dsb4updn_median_200_14b,20,264,29,0,0.9010238907849829,1.0,0.9479353680430879,21.0727272727278,8476,264
2025-09-24_10-24-40,30,dsb4updn_median_200_14b,20,66,67,26,0.49624060150375937,0.717391304347826,0.5866666666666667,44.772727272728815,659,92
2025-09-25_11-21-53,21,dsb4updn_median_200_14b,20,148,59,54,0.714975845410628,0.7326732673267327,0.7237163814180929,43.38761261261091,1255,202
2025-09-23_16-17-52,24,dsb4updn_median_200_14b,20,45,71,27,0.3879310344827586,0.625,0.4787234042553191,44.54814814814567,444,72
2025-09-23_15-50-26,28,dsb4updn_median_200_14b,20,118,97,21,0.5488372093023256,0.8489208633093526,0.6666666666666667,43.01525423728857,1456,139
2025-09-25_16-41-14,21,dsb4updn_median_200_14b,20,119,137,25,0.46484375,0.8263888888888888,0.595,46.13417366946553,1927,144
2025-09-25_12-52-22,25,dsb4updn_median_200_14b,20,24,155,24,0.1340782122905028,0.5,0.21145374449339208,49.66805555555319,579,48
2025-09-24_15-13-10,14,dsb4updn_median_200_14b,20,80,14,4,0.851063829787234,0.9523809523809523,0.898876404494382,32.78541666666679,1253,84
2025-09-24_11-34-51,30,dsb4updn_median_200_14b,20,19,23,52,0.4523809523809524,0.2676056338028169,0.33628318584070793,52.663157894738085,124,71
2025-09-22_17-55-26,26,dsb4updn_median_200_14b,20,169,131,16,0.5633333333333334,0.9135135135135135,0.6969072164948453,40.95936883629114,2543,185
2025-09-24_16-29-07,5,dsb4updn_median_200_14b,20,37,268,3,0.12131147540983607,0.925,0.2144927536231884,37.122522522521734,1929,40
2025-09-24_17-38-17,13,dsb4updn_median_200_14b,20,15,134,0,0.10067114093959731,1.0,0.18292682926829268,36.67777777776876,702,15
PV01ai32FPGA_250611_115923,29,dsb4updn_median_200_14b,20,130,82,80,0.6132075471698113,0.6190476190476191,0.6161137440758294,39.23871794872117,1528,210
PV01ai32FPGA_250611_122326,20,dsb4updn_median_200_14b,20,145,199,24,0.42151162790697677,0.8579881656804734,0.5653021442495128,34.55356321838982,2711,169
Calbai32FPGA_251003_150055,5,dsb4updn_median_200_14b,20,168,153,18,0.5233644859813084,0.9032258064516129,0.6627218934911242,36.63511904762146,2887,186
Calbai32FPGA_251003_144832,11,dsb4updn_median_200_14b,20,172,158,21,0.5212121212121212,0.8911917098445595,0.6577437858508605,39.05271317829427,2488,193
2025-09-22_17-55-26,26,dsb4updn_median_200_14b,2,158,73,27,0.683982683982684,0.8540540540540541,0.7596153846153847,42.14219409282656,2151,185
2025-09-23_16-17-52,24,dsb4updn_median_200_14b,2,39,35,33,0.527027027027027,0.5416666666666666,0.5342465753424657,38.96239316239035,292,72
2025-09-25_16-41-14,21,dsb4updn_median_200_14b,2,116,138,28,0.4566929133858268,0.8055555555555556,0.5829145728643216,43.94712643677962,1866,144
2025-09-22_17-42-27,24,dsb4updn_median_200_14b,2,47,38,62,0.5529411764705883,0.43119266055045874,0.4845360824742268,48.92411347517504,473,109
2025-09-24_11-34-51,30,dsb4updn_median_200_14b,2,12,24,59,0.3333333333333333,0.16901408450704225,0.22429906542056077,53.89444444444689,106,71
2025-09-24_14-22-55,25,dsb4updn_median_200_14b,2,264,28,0,0.9041095890410958,1.0,0.949640287769784,21.224242424242952,8440,264
2025-09-24_15-13-10,14,dsb4updn_median_200_14b,2,78,15,6,0.8387096774193549,0.9285714285714286,0.8813559322033899,31.791880341880294,1280,84
2025-09-25_12-52-22,25,dsb4updn_median_200_14b,2,18,138,30,0.11538461538461539,0.375,0.1764705882352941,46.12037037037044,528,48
2025-09-24_10-24-40,30,dsb4updn_median_200_14b,2,59,56,33,0.5130434782608696,0.6413043478260869,0.5700483091787439,46.223163841808734,551,92
2025-09-23_15-50-26,28,dsb4updn_median_200_14b,2,113,77,26,0.5947368421052631,0.8129496402877698,0.6869300911854103,41.8404129793516,1260,139
2025-09-25_11-21-53,21,dsb4updn_median_200_14b,2,134,48,68,0.7362637362637363,0.6633663366336634,0.6979166666666666,42.28009950248479,1048,202
2025-09-24_16-29-07,5,dsb4updn_median_200_14b,2,36,229,4,0.13584905660377358,0.9,0.23606557377049178,33.61944444444433,1873,40
2025-09-24_17-38-17,13,dsb4updn_median_200_14b,2,14,118,1,0.10606060606060606,0.9333333333333333,0.1904761904761905,43.74047619046652,684,15
Calbai32FPGA_251003_150055,5,dsb4updn_median_200_14b,2,168,149,18,0.5299684542586751,0.9032258064516129,0.6679920477137178,39.15456349206551,2719,186
PV01ai32FPGA_250611_115923,29,dsb4updn_median_200_14b,2,136,72,74,0.6538461538461539,0.6476190476190476,0.6507177033492824,36.30857843137526,1714,210
Calbai32FPGA_251003_144832,11,dsb4updn_median_200_14b,2,176,136,17,0.5641025641025641,0.9119170984455959,0.6970297029702971,37.68409090909103,2567,193
PV01ai32FPGA_250611_122326,20,dsb4updn_median_200_14b,2,141,142,28,0.49823321554770317,0.834319526627219,0.6238938053097345,34.00945626477449,2673,169
2025-09-24_15-13-10,14,dsb4updn_median_200_14b,0,82,19,2,0.8118811881188119,0.9761904761904762,0.8864864864864865,32.712195121951325,1290,84
2025-09-23_16-17-52,24,dsb4updn_median_200_14b,0,43,69,29,0.38392857142857145,0.5972222222222222,0.4673913043478261,41.2077519379835,418,72
2025-09-25_12-52-22,25,dsb4updn_median_200_14b,0,28,269,20,0.09427609427609428,0.5833333333333334,0.16231884057971016,46.107142857141106,1042,48
2025-09-24_11-34-51,30,dsb4updn_median_200_14b,0,21,31,50,0.40384615384615385,0.29577464788732394,0.34146341463414637,49.78253968254177,140,71
2025-09-25_11-21-53,21,dsb4updn_median_200_14b,0,148,59,54,0.714975845410628,0.7326732673267327,0.7237163814180929,42.74864864864655,1281,202
2025-09-22_17-42-27,24,dsb4updn_median_200_14b,0,61,114,48,0.3485714285714286,0.5596330275229358,0.4295774647887324,45.45519125683039,748,109
2025-09-22_17-55-26,26,dsb4updn_median_200_14b,0,173,157,12,0.5242424242424243,0.9351351351351351,0.6718446601941749,40.841425818881504,2671,185
2025-09-24_14-22-55,25,dsb4updn_median_200_14b,0,264,28,0,0.9041095890410958,1.0,0.949640287769784,21.281060606061132,8266,264
2025-09-23_15-50-26,28,dsb4updn_median_200_14b,0,122,100,17,0.5495495495495496,0.8776978417266187,0.6759002770083103,41.9915300546451,1520,139
2025-09-24_10-24-40,30,dsb4updn_median_200_14b,0,68,68,24,0.5,0.7391304347826086,0.5964912280701754,45.895588235296174,740,92
2025-09-25_16-41-14,21,dsb4updn_median_200_14b,0,115,139,29,0.452755905511811,0.7986111111111112,0.5778894472361809,43.84637681159163,1885,144
2025-09-24_17-38-17,13,dsb4updn_median_200_14b,0,15,141,0,0.09615384615384616,1.0,0.17543859649122806,40.67777777776876,645,15
2025-09-24_16-29-07,5,dsb4updn_median_200_14b,0,37,258,3,0.12542372881355932,0.925,0.2208955223880597,39.62702702702676,1878,40
PV01ai32FPGA_250611_115923,29,dsb4updn_median_200_14b,0,106,55,104,0.6583850931677019,0.5047619047619047,0.5714285714285713,40.574528301890176,1147,210
PV01ai32FPGA_250611_122326,20,dsb4updn_median_200_14b,0,144,182,25,0.44171779141104295,0.8520710059171598,0.5818181818181818,33.67175925925771,2551,169
Calbai32FPGA_251003_150055,5,dsb4updn_median_200_14b,0,178,180,8,0.4972067039106145,0.956989247311828,0.6544117647058824,36.01647940075084,3172,186
Calbai32FPGA_251003_144832,11,dsb4updn_median_200_14b,0,173,150,20,0.5356037151702786,0.8963730569948186,0.6705426356589146,39.169749518304165,2308,193
2025-09-23_15-50-26,28,dsb4updn_median_200_15f,120,126,111,13,0.5316455696202531,0.9064748201438849,0.6702127659574468,43.06560846560859,1463,139
2025-09-22_17-55-26,26,dsb4updn_median_200_15f,120,171,126,14,0.5757575757575758,0.9243243243243243,0.7095435684647302,43.732163742689245,2406,185
2025-09-24_15-13-10,14,dsb4updn_median_200_15f,120,82,17,2,0.8282828282828283,0.9761904761904762,0.8961748633879781,32.74268292682973,1222,84
2025-09-22_17-42-27,24,dsb4updn_median_200_15f,120,53,71,56,0.4274193548387097,0.48623853211009177,0.4549356223175966,48.76981132075419,571,109
2025-09-24_10-24-40,30,dsb4updn_median_200_15f,120,64,64,28,0.5,0.6956521739130435,0.5818181818181818,44.153645833334394,695,92
2025-09-25_12-52-22,25,dsb4updn_median_200_15f,120,26,210,22,0.11016949152542373,0.5416666666666666,0.18309859154929575,44.657692307690645,803,48
2025-09-23_16-17-52,24,dsb4updn_median_200_15f,120,50,62,22,0.44642857142857145,0.6944444444444444,0.5434782608695653,42.249999999998835,410,72
2025-09-24_11-34-51,30,dsb4updn_median_200_15f,120,21,28,50,0.42857142857142855,0.29577464788732394,0.35000000000000003,48.43492063492249,148,71
2025-09-25_16-41-14,21,dsb4updn_median_200_15f,120,118,151,26,0.43866171003717475,0.8194444444444444,0.5714285714285715,44.139548022596344,1824,144
2025-09-24_14-22-55,25,dsb4updn_median_200_15f,120,264,32,0,0.8918918918918919,1.0,0.9428571428571428,21.54242424242477,8087,264
2025-09-25_11-21-53,21,dsb4updn_median_200_15f,120,152,78,50,0.6608695652173913,0.7524752475247525,0.7037037037037037,42.38596491227906,1344,202
2025-09-24_16-29-07,5,dsb4updn_median_200_15f,120,38,256,2,0.1292517006802721,0.95,0.22754491017964074,35.144736842105466,1777,40
2025-09-24_17-38-17,13,dsb4updn_median_200_15f,120,15,126,0,0.10638297872340426,1.0,0.1923076923076923,37.74444444443543,631,15
PV01ai32FPGA_250611_115923,29,dsb4updn_median_200_15f,120,123,72,87,0.6307692307692307,0.5857142857142857,0.6074074074074074,40.903794037943264,1352,210
Calbai32FPGA_251003_150055,5,dsb4updn_median_200_15f,120,177,154,9,0.5347432024169184,0.9516129032258065,0.6847195357833655,38.64180790960629,2781,186
PV01ai32FPGA_250611_122326,20,dsb4updn_median_200_15f,120,146,219,23,0.4,0.863905325443787,0.5468164794007492,34.149771689496376,2663,169
Calbai32FPGA_251003_144832,11,dsb4updn_median_200_15f,120,171,146,22,0.5394321766561514,0.8860103626943006,0.6705882352941177,37.44327485380124,2332,193
2025-09-25_16-41-14,21,dsb4updn_median_200_15f,20,122,134,22,0.4765625,0.8472222222222222,0.61,47.258743169396396,1833,144
2025-09-23_16-17-52,24,dsb4updn_median_200_15f,20,46,70,26,0.39655172413793105,0.6388888888888888,0.48936170212765956,43.24927536231616,441,72
2025-09-24_15-13-10,14,dsb4updn_median_200_15f,20,81,14,3,0.8526315789473684,0.9642857142857143,0.9050279329608938,33.14279835390963,1159,84
2025-09-24_11-34-51,30,dsb4updn_median_200_15f,20,20,24,51,0.45454545454545453,0.28169014084507044,0.34782608695652173,50.54666666666751,139,71
2025-09-25_12-52-22,25,dsb4updn_median_200_15f,20,24,164,24,0.1276595744680851,0.5,0.20338983050847456,46.337499999997895,627,48
2025-09-24_10-24-40,30,dsb4updn_median_200_15f,20,65,70,27,0.48148148148148145,0.7065217391304348,0.5726872246696035,43.5641025641042,673,92
2025-09-25_11-21-53,21,dsb4updn_median_200_15f,20,158,62,44,0.7181818181818181,0.7821782178217822,0.7488151658767773,44.85358649788888,1238,202
2025-09-22_17-42-27,24,dsb4updn_median_200_15f,20,52,54,57,0.49056603773584906,0.47706422018348627,0.4837209302325582,46.82179487179386,537,109
2025-09-24_14-22-55,25,dsb4updn_median_200_15f,20,264,32,0,0.8918918918918919,1.0,0.9428571428571428,21.898484848485374,7919,264
2025-09-22_17-55-26,26,dsb4updn_median_200_15f,20,171,128,14,0.5719063545150501,0.9243243243243243,0.7066115702479339,41.36276803118841,2464,185
2025-09-23_15-50-26,28,dsb4updn_median_200_15f,20,120,91,19,0.5687203791469194,0.8633093525179856,0.6857142857142856,43.73388888888935,1428,139
2025-09-24_17-38-17,13,dsb4updn_median_200_15f,20,15,118,0,0.11278195488721804,1.0,0.20270270270270271,36.67777777776876,677,15
2025-09-24_16-29-07,5,dsb4updn_median_200_15f,20,37,261,3,0.12416107382550336,0.925,0.21893491124260353,33.906306306306305,1839,40
PV01ai32FPGA_250611_115923,29,dsb4updn_median_200_15f,20,130,76,80,0.6310679611650486,0.6190476190476191,0.625,40.10205128205501,1444,210
Calbai32FPGA_251003_150055,5,dsb4updn_median_200_15f,20,176,159,10,0.5253731343283582,0.946236559139785,0.6756238003838771,37.178409090910776,2766,186
PV01ai32FPGA_250611_122326,20,dsb4updn_median_200_15f,20,144,188,25,0.43373493975903615,0.8520710059171598,0.5748502994011976,35.436805555554145,2580,169
Calbai32FPGA_251003_144832,11,dsb4updn_median_200_15f,20,174,151,19,0.5353846153846153,0.9015544041450777,0.6718146718146717,38.854789272030295,2420,193
2025-09-24_15-13-10,14,dsb4updn_median_200_15f,2,79,13,5,0.8586956521739131,0.9404761904761905,0.8977272727272727,31.899999999999704,1234,84
2025-09-22_17-42-27,24,dsb4updn_median_200_15f,2,46,36,63,0.5609756097560976,0.42201834862385323,0.4816753926701571,48.474637681156985,460,109
2025-09-25_12-52-22,25,dsb4updn_median_200_15f,2,20,135,28,0.12903225806451613,0.4166666666666667,0.19704433497536947,44.80166666666646,520,48
2025-09-25_16-41-14,21,dsb4updn_median_200_15f,2,118,143,26,0.4521072796934866,0.8194444444444444,0.582716049382716,43.55423728813345,1776,144
2025-09-23_15-50-26,28,dsb4updn_median_200_15f,2,115,88,24,0.5665024630541872,0.8273381294964028,0.672514619883041,42.8437681159422,1274,139
2025-09-24_10-24-40,30,dsb4updn_median_200_15f,2,56,54,36,0.509090909090909,0.6086956521739131,0.5544554455445544,45.78035714285813,546,92
2025-09-24_11-34-51,30,dsb4updn_median_200_15f,2,15,21,56,0.4166666666666667,0.2112676056338028,0.28037383177570097,52.1377777777805,105,71
2025-09-23_16-17-52,24,dsb4updn_median_200_15f,2,42,36,30,0.5384615384615384,0.5833333333333334,0.5599999999999999,38.79761904761732,305,72
2025-09-22_17-55-26,26,dsb4updn_median_200_15f,2,161,80,24,0.6680497925311203,0.8702702702702703,0.755868544600939,42.53954451345708,2113,185
2025-09-24_14-22-55,25,dsb4updn_median_200_15f,2,264,26,0,0.9103448275862069,1.0,0.9530685920577617,22.212878787879315,7843,264
2025-09-25_11-21-53,21,dsb4updn_median_200_15f,2,135,55,67,0.7105263157894737,0.6683168316831684,0.6887755102040817,42.32123456789844,1062,202
2025-09-24_16-29-07,5,dsb4updn_median_200_15f,2,35,236,5,0.12915129151291513,0.875,0.22508038585209003,36.119047619048395,1799,40
2025-09-24_17-38-17,13,dsb4updn_median_200_15f,2,14,124,1,0.10144927536231885,0.9333333333333333,0.18300653594771243,40.74047619046652,668,15
PV01ai32FPGA_250611_115923,29,dsb4updn_median_200_15f,2,141,75,69,0.6527777777777778,0.6714285714285714,0.6619718309859155,37.824822695038506,1626,210
Calbai32FPGA_251003_150055,5,dsb4updn_median_200_15f,2,171,147,15,0.5377358490566038,0.9193548387096774,0.6785714285714285,38.89649122807223,2614,186
PV01ai32FPGA_250611_122326,20,dsb4updn_median_200_15f,2,140,145,29,0.49122807017543857,0.8284023668639053,0.6167400881057268,35.23595238095071,2502,169
Calbai32FPGA_251003_144832,11,dsb4updn_median_200_15f,2,174,142,19,0.5506329113924051,0.9015544041450777,0.6836935166994107,38.0689655172415,2459,193
2025-09-23_15-50-26,28,dsb4updn_median_200_15f,0,123,105,16,0.5394736842105263,0.8848920863309353,0.670299727520436,41.50379403794061,1533,139
2025-09-25_16-41-14,21,dsb4updn_median_200_15f,0,118,135,26,0.466403162055336,0.8194444444444444,0.5944584382871537,44.405367231635914,1827,144
2025-09-25_11-21-53,21,dsb4updn_median_200_15f,0,153,72,49,0.68,0.7574257425742574,0.7166276346604216,42.24858387799288,1276,202
2025-09-24_10-24-40,30,dsb4updn_median_200_15f,0,67,69,25,0.49264705882352944,0.7282608695652174,0.5877192982456142,45.4462686567185,751,92
2025-09-24_15-13-10,14,dsb4updn_median_200_15f,0,83,18,1,0.8217821782178217,0.9880952380952381,0.8972972972972973,33.79196787148582,1233,84
2025-09-23_16-17-52,24,dsb4updn_median_200_15f,0,47,58,25,0.44761904761904764,0.6527777777777778,0.5310734463276836,40.93617021276348,420,72
2025-09-22_17-42-27,24,dsb4updn_median_200_15f,0,63,105,46,0.375,0.5779816513761468,0.4548736462093863,43.9941798941796,742,109
2025-09-25_12-52-22,25,dsb4updn_median_200_15f,0,27,271,21,0.09060402684563758,0.5625,0.1560693641618497,45.95802469135628,1026,48
2025-09-24_14-22-55,25,dsb4updn_median_200_15f,0,264,22,0,0.9230769230769231,1.0,0.9600000000000001,22.25454545454598,7643,264
2025-09-22_17-55-26,26,dsb4updn_median_200_15f,0,173,142,12,0.5492063492063493,0.9351351351351351,0.6920000000000001,41.13275529865042,2566,185
2025-09-24_11-34-51,30,dsb4updn_median_200_15f,0,21,34,50,0.38181818181818183,0.29577464788732394,0.3333333333333333,47.97777777777936,149,71
2025-09-24_17-38-17,13,dsb4updn_median_200_15f,0,15,128,0,0.1048951048951049,1.0,0.18987341772151897,42.67777777776876,620,15
2025-09-24_16-29-07,5,dsb4updn_median_200_15f,0,36,248,4,0.1267605633802817,0.9,0.22222222222222224,37.37777777777735,1798,40
PV01ai32FPGA_250611_115923,29,dsb4updn_median_200_15f,0,112,52,98,0.6829268292682927,0.5333333333333333,0.5989304812834225,40.065773809526824,1110,210
Calbai32FPGA_251003_150055,5,dsb4updn_median_200_15f,0,178,190,8,0.483695652173913,0.956989247311828,0.6425992779783394,36.783707865170264,3063,186
PV01ai32FPGA_250611_122326,20,dsb4updn_median_200_15f,0,144,172,25,0.45569620253164556,0.8520710059171598,0.5938144329896907,34.98425925925771,2434,169
Calbai32FPGA_251003_144832,11,dsb4updn_median_200_15f,0,171,149,22,0.534375,0.8860103626943006,0.6666666666666667,38.421637426900425,2296,193
2025-09-23_15-50-26,28,dsb4updn_median_200_16b,120,128,105,11,0.5493562231759657,0.920863309352518,0.6881720430107527,22.79140625000018,2889,139
2025-09-25_16-41-14,21,dsb4updn_median_200_16b,120,122,153,22,0.44363636363636366,0.8472222222222222,0.5823389021479713,25.208469945352576,3526,144
2025-09-24_14-22-55,25,dsb4updn_median_200_16b,120,264,154,0,0.631578947368421,1.0,0.7741935483870968,8.15606060606113,15317,264
2025-09-24_11-34-51,30,dsb4updn_median_200_16b,120,21,16,50,0.5675675675675675,0.29577464788732394,0.38888888888888884,37.568253968256855,203,71
2025-09-22_17-55-26,26,dsb4updn_median_200_16b,120,174,131,11,0.5704918032786885,0.9405405405405406,0.710204081632653,20.059961685822646,4746,185
2025-09-23_16-17-52,24,dsb4updn_median_200_16b,120,45,62,27,0.4205607476635514,0.625,0.5027932960893855,24.190370370368086,773,72
2025-09-24_15-13-10,14,dsb4updn_median_200_16b,120,83,41,1,0.6693548387096774,0.9880952380952381,0.798076923076923,17.83694779116493,2782,84
2025-09-22_17-42-27,24,dsb4updn_median_200_16b,120,47,49,62,0.4895833333333333,0.43119266055045874,0.4585365853658537,34.66241134751641,812,109
2025-09-25_12-52-22,25,dsb4updn_median_200_16b,120,27,219,21,0.10975609756097561,0.5625,0.1836734693877551,25.562962962960594,1427,48
2025-09-24_10-24-40,30,dsb4updn_median_200_16b,120,65,56,27,0.5371900826446281,0.7065217391304348,0.6103286384976525,25.21538461538618,1084,92
2025-09-25_11-21-53,21,dsb4updn_median_200_16b,120,153,81,49,0.6538461538461539,0.7574257425742574,0.701834862385321,24.589760348581954,2352,202
2025-09-24_16-29-07,5,dsb4updn_median_200_16b,120,39,275,1,0.12420382165605096,0.975,0.22033898305084748,14.669230769231117,3305,40
2025-09-24_17-38-17,13,dsb4updn_median_200_16b,120,15,116,0,0.11450381679389313,1.0,0.2054794520547945,19.811111111102097,861,15
PV01ai32FPGA_250611_115923,29,dsb4updn_median_200_16b,120,132,86,78,0.6055045871559633,0.6285714285714286,0.6168224299065421,22.853030303033385,2753,210
Calbai32FPGA_251003_144832,11,dsb4updn_median_200_16b,120,182,171,11,0.5155807365439093,0.9430051813471503,0.6666666666666666,20.562454212454696,4905,193
Calbai32FPGA_251003_150055,5,dsb4updn_median_200_16b,120,180,204,6,0.46875,0.967741935483871,0.631578947368421,18.131111111112784,5688,186
PV01ai32FPGA_250611_122326,20,dsb4updn_median_200_16b,120,152,262,17,0.3671497584541063,0.8994082840236687,0.5214408233276159,18.90570175438422,4702,169
2025-09-23_15-50-26,28,dsb4updn_median_200_16b,20,123,93,16,0.5694444444444444,0.8848920863309353,0.6929577464788732,22.83685636856498,2830,139
2025-09-25_11-21-53,21,dsb4updn_median_200_16b,20,161,87,41,0.6491935483870968,0.7970297029702971,0.7155555555555555,26.03146997929398,2336,202
2025-09-25_12-52-22,25,dsb4updn_median_200_16b,20,28,214,20,0.11570247933884298,0.5833333333333334,0.19310344827586207,31.108333333331302,1312,48
2025-09-22_17-42-27,24,dsb4updn_median_200_16b,20,51,43,58,0.5425531914893617,0.46788990825688076,0.5024630541871921,37.405228758170495,878,109
2025-09-24_10-24-40,30,dsb4updn_median_200_16b,20,65,61,27,0.5158730158730159,0.7065217391304348,0.5963302752293578,28.917435897438107,1147,92
2025-09-24_11-34-51,30,dsb4updn_median_200_16b,20,18,14,53,0.5625,0.2535211267605634,0.34951456310679613,43.00370370370696,169,71
2025-09-24_14-22-55,25,dsb4updn_median_200_16b,20,264,140,0,0.6534653465346535,1.0,0.7904191616766467,8.606818181818706,15260,264
2025-09-24_15-13-10,14,dsb4updn_median_200_16b,20,82,34,2,0.7068965517241379,0.9761904761904762,0.8199999999999998,17.536178861788894,2657,84
2025-09-23_16-17-52,24,dsb4updn_median_200_16b,20,51,65,21,0.4396551724137931,0.7083333333333334,0.5425531914893618,24.78366013071668,807,72
2025-09-22_17-55-26,26,dsb4updn_median_200_16b,20,173,128,12,0.574750830564784,0.9351351351351351,0.7119341563786008,19.95375722543253,4800,185
2025-09-25_16-41-14,21,dsb4updn_median_200_16b,20,122,141,22,0.46387832699619774,0.8472222222222222,0.5995085995085995,24.429781420761575,3483,144
2025-09-24_17-38-17,13,dsb4updn_median_200_16b,20,15,111,0,0.11904761904761904,1.0,0.21276595744680848,18.14444444443543,862,15
2025-09-24_16-29-07,5,dsb4updn_median_200_16b,20,38,246,2,0.13380281690140844,0.95,0.23456790123456783,13.230701754386066,3361,40
PV01ai32FPGA_250611_115923,29,dsb4updn_median_200_16b,20,138,102,72,0.575,0.6571428571428571,0.6133333333333333,24.044685990340053,2813,210
Calbai32FPGA_251003_150055,5,dsb4updn_median_200_16b,20,182,204,4,0.47150259067357514,0.978494623655914,0.6363636363636364,18.26391941392115,5889,186
PV01ai32FPGA_250611_122326,20,dsb4updn_median_200_16b,20,154,259,15,0.3728813559322034,0.9112426035502958,0.5292096219931272,19.23787878787763,4794,169
Calbai32FPGA_251003_144832,11,dsb4updn_median_200_16b,20,178,174,15,0.5056818181818182,0.9222797927461139,0.653211009174312,19.868539325843052,5163,193
2025-09-22_17-55-26,26,dsb4updn_median_200_16b,2,170,113,15,0.6007067137809188,0.918918918918919,0.7264957264957266,21.506470588234507,4243,185
2025-09-24_15-13-10,14,dsb4updn_median_200_16b,2,84,41,0,0.672,1.0,0.8038277511961722,17.47182539682555,2804,84
2025-09-23_15-50-26,28,dsb4updn_median_200_16b,2,123,99,16,0.5540540540540541,0.8848920863309353,0.6814404432132963,23.359349593495867,2834,139
2025-09-25_16-41-14,21,dsb4updn_median_200_16b,2,122,145,22,0.45692883895131087,0.8472222222222222,0.5936739659367397,25.2893442622926,3337,144
2025-09-25_12-52-22,25,dsb4updn_median_200_16b,2,27,160,21,0.1443850267379679,0.5625,0.22978723404255316,33.54691358024664,1037,48
2025-09-23_16-17-52,24,dsb4updn_median_200_16b,2,44,38,28,0.5365853658536586,0.6111111111111112,0.5714285714285715,26.718181818179303,590,72
2025-09-24_11-34-51,30,dsb4updn_median_200_16b,2,14,16,57,0.4666666666666667,0.19718309859154928,0.2772277227722772,41.44761904762523,159,71
2025-09-22_17-42-27,24,dsb4updn_median_200_16b,2,48,29,61,0.6233766233766234,0.44036697247706424,0.5161290322580645,35.970138888887845,773,109
2025-09-24_10-24-40,30,dsb4updn_median_200_16b,2,56,64,36,0.4666666666666667,0.6086956521739131,0.5283018867924527,30.65059523809675,931,92
2025-09-24_14-22-55,25,dsb4updn_median_200_16b,2,264,131,0,0.6683544303797468,1.0,0.8012139605462822,8.743181818182343,15085,264
2025-09-25_11-21-53,21,dsb4updn_median_200_16b,2,145,72,57,0.6682027649769585,0.7178217821782178,0.6921241050119332,26.206896551722483,1888,202
2025-09-24_17-38-17,13,dsb4updn_median_200_16b,2,15,122,0,0.10948905109489052,1.0,0.19736842105263158,15.877777777768763,1003,15
2025-09-24_16-29-07,5,dsb4updn_median_200_16b,2,38,269,2,0.1237785016286645,0.95,0.2190201729106628,12.154385964912535,3427,40
Calbai32FPGA_251003_150055,5,dsb4updn_median_200_16b,2,176,187,10,0.48484848484848486,0.946236559139785,0.6411657559198544,19.90700757575951,5487,186
PV01ai32FPGA_250611_115923,29,dsb4updn_median_200_16b,2,138,80,72,0.6330275229357798,0.6571428571428571,0.6448598130841122,22.37028985507515,3053,210
Calbai32FPGA_251003_144832,11,dsb4updn_median_200_16b,2,170,148,23,0.5345911949685535,0.8808290155440415,0.6653620352250489,20.576274509805717,4625,193
PV01ai32FPGA_250611_122326,20,dsb4updn_median_200_16b,2,153,208,16,0.42382271468144045,0.9053254437869822,0.5773584905660378,18.239651416120598,4833,169
2025-09-25_11-21-53,21,dsb4updn_median_200_16b,0,161,86,41,0.6518218623481782,0.7970297029702971,0.7171492204899778,25.278674948238145,2426,202
2025-09-22_17-42-27,24,dsb4updn_median_200_16b,0,56,65,53,0.4628099173553719,0.5137614678899083,0.48695652173913045,32.49821428571415,974,109
2025-09-25_16-41-14,21,dsb4updn_median_200_16b,0,124,158,20,0.4397163120567376,0.8611111111111112,0.5821596244131456,24.35188172042716,3538,144
2025-09-25_12-52-22,25,dsb4updn_median_200_16b,0,31,285,17,0.0981012658227848,0.6458333333333334,0.17032967032967034,26.149462365589834,1834,48
2025-09-22_17-55-26,26,dsb4updn_median_200_16b,0,178,155,7,0.5345345345345346,0.9621621621621622,0.6872586872586873,20.958614232209044,5118,185
2025-09-24_11-34-51,30,dsb4updn_median_200_16b,0,21,17,50,0.5526315789473685,0.29577464788732394,0.38532110091743127,42.24126984127263,195,71
2025-09-24_15-13-10,14,dsb4updn_median_200_16b,0,84,41,0,0.672,1.0,0.8038277511961722,18.507539682539836,2710,84
2025-09-24_10-24-40,30,dsb4updn_median_200_16b,0,68,65,24,0.5112781954887218,0.7391304347826086,0.6044444444444443,26.100490196080074,1102,92
2025-09-23_16-17-52,24,dsb4updn_median_200_16b,0,46,58,26,0.4423076923076923,0.6388888888888888,0.5227272727272726,24.997101449272872,679,72
2025-09-23_15-50-26,28,dsb4updn_median_200_16b,0,129,99,10,0.5657894736842105,0.9280575539568345,0.7029972752043596,22.802583979328823,2958,139
2025-09-24_14-22-55,25,dsb4updn_median_200_16b,0,264,127,0,0.6751918158567775,1.0,0.8061068702290075,9.652272727273251,14720,264
2025-09-24_17-38-17,13,dsb4updn_median_200_16b,0,15,124,0,0.1079136690647482,1.0,0.1948051948051948,18.34444444443543,900,15
2025-09-24_16-29-07,5,dsb4updn_median_200_16b,0,38,240,2,0.1366906474820144,0.95,0.2389937106918239,13.335964912280803,3111,40
Calbai32FPGA_251003_150055,5,dsb4updn_median_200_16b,0,182,232,4,0.4396135265700483,0.978494623655914,0.6066666666666667,18.114835164836755,6182,186
PV01ai32FPGA_250611_122326,20,dsb4updn_median_200_16b,0,148,250,21,0.37185929648241206,0.8757396449704142,0.5220458553791887,18.004504504503302,4603,169
Calbai32FPGA_251003_144832,11,dsb4updn_median_200_16b,0,187,176,6,0.5151515151515151,0.9689119170984456,0.6726618705035972,20.830659536542093,4949,193
PV01ai32FPGA_250611_115923,29,dsb4updn_median_200_16b,0,129,66,81,0.6615384615384615,0.6142857142857143,0.6370370370370371,25.067700258399718,2408,210
2025-09-25_16-41-14,21,dsb4updn_median_200_9f,120,93,45,51,0.6739130434782609,0.6458333333333334,0.6595744680851064,43.55842293906467,324,144
2025-09-24_10-24-40,30,dsb4updn_median_200_9f,120,36,15,56,0.7058823529411765,0.391304347826087,0.5034965034965035,41.272222222227555,114,92
2025-09-25_12-52-22,25,dsb4updn_median_200_9f,120,8,67,40,0.10666666666666667,0.16666666666666666,0.13008130081300814,39.49999999999886,127,48
2025-09-23_16-17-52,24,dsb4updn_median_200_9f,120,22,13,50,0.6285714285714286,0.3055555555555556,0.4112149532710281,39.79848484848563,66,72
2025-09-23_15-50-26,28,dsb4updn_median_200_9f,120,87,35,52,0.7131147540983607,0.6258992805755396,0.6666666666666666,42.4720306513413,284,139
2025-09-24_11-34-51,30,dsb4updn_median_200_9f,120,11,6,60,0.6470588235294118,0.15492957746478872,0.24999999999999997,50.92727272727511,27,71
2025-09-24_15-13-10,14,dsb4updn_median_200_9f,120,75,15,9,0.8333333333333334,0.8928571428571429,0.8620689655172413,35.28399999999984,259,84
2025-09-22_17-55-26,26,dsb4updn_median_200_9f,120,136,36,49,0.7906976744186046,0.7351351351351352,0.7619047619047619,39.339705882353094,456,185
2025-09-24_14-22-55,25,dsb4updn_median_200_9f,120,259,42,5,0.8604651162790697,0.9810606060606061,0.9168141592920354,34.02213642213699,1210,264
2025-09-22_17-42-27,24,dsb4updn_median_200_9f,120,27,19,82,0.5869565217391305,0.24770642201834864,0.34838709677419355,49.764197530864195,78,109
2025-09-25_11-21-53,21,dsb4updn_median_200_9f,120,97,22,105,0.8151260504201681,0.4801980198019802,0.6043613707165109,37.41752577319235,253,202
2025-09-24_16-29-07,5,dsb4updn_median_200_9f,120,33,86,7,0.2773109243697479,0.825,0.4150943396226415,39.624242424241956,303,40
2025-09-24_17-38-17,13,dsb4updn_median_200_9f,120,12,44,3,0.21428571428571427,0.8,0.3380281690140845,46.38333333333063,104,15
Calbai32FPGA_251003_144832,11,dsb4updn_median_200_9f,120,127,56,66,0.6939890710382514,0.6580310880829016,0.675531914893617,36.265354330709414,430,193
PV01ai32FPGA_250611_122326,20,dsb4updn_median_200_9f,120,106,77,63,0.5792349726775956,0.6272189349112426,0.6022727272727274,33.51446540880203,412,169
Calbai32FPGA_251003_150055,5,dsb4updn_median_200_9f,120,143,64,43,0.6908212560386473,0.7688172043010753,0.727735368956743,37.20512820512955,504,186
PV01ai32FPGA_250611_115923,29,dsb4updn_median_200_9f,120,82,15,128,0.845360824742268,0.3904761904761905,0.5342019543973942,39.79878048780884,245,210
2025-09-25_12-52-22,25,dsb4updn_median_200_9f,20,13,56,35,0.18840579710144928,0.2708333333333333,0.2222222222222222,32.953846153843045,125,48
2025-09-24_15-13-10,14,dsb4updn_median_200_9f,20,73,14,11,0.8390804597701149,0.8690476190476191,0.8538011695906432,36.195433789954734,231,84
2025-09-22_17-42-27,24,dsb4updn_median_200_9f,20,27,16,82,0.627906976744186,0.24770642201834864,0.35526315789473684,46.76419753086554,73,109
2025-09-25_11-21-53,21,dsb4updn_median_200_9f,20,75,22,127,0.7731958762886598,0.3712871287128713,0.5016722408026756,38.26933333333087,204,202
2025-09-24_10-24-40,30,dsb4updn_median_200_9f,20,38,15,54,0.7169811320754716,0.41304347826086957,0.5241379310344828,42.256140350880166,106,92
2025-09-24_11-34-51,30,dsb4updn_median_200_9f,20,6,3,65,0.6666666666666666,0.08450704225352113,0.15,54.816666666666826,15,71
2025-09-24_14-22-55,25,dsb4updn_median_200_9f,20,255,35,9,0.8793103448275862,0.9659090909090909,0.9205776173285198,34.40941176470653,1186,264
2025-09-25_16-41-14,21,dsb4updn_median_200_9f,20,82,45,62,0.6456692913385826,0.5694444444444444,0.6051660516605165,43.10325203251971,317,144
2025-09-23_15-50-26,28,dsb4updn_median_200_9f,20,77,34,62,0.6936936936936937,0.5539568345323741,0.616,40.80303030302913,237,139
2025-09-23_16-17-52,24,dsb4updn_median_200_9f,20,18,19,54,0.4864864864864865,0.25,0.3302752293577982,36.24259259259755,74,72
2025-09-22_17-55-26,26,dsb4updn_median_200_9f,20,131,44,54,0.7485714285714286,0.7081081081081081,0.7277777777777776,39.75979643765882,456,185
2025-09-24_17-38-17,13,dsb4updn_median_200_9f,20,14,39,1,0.2641509433962264,0.9333333333333333,0.411764705882353,44.7642857142755,103,15
2025-09-24_16-29-07,5,dsb4updn_median_200_9f,20,36,116,4,0.23684210526315788,0.9,0.375,38.73981481481498,367,40
Calbai32FPGA_251003_150055,5,dsb4updn_median_200_9f,20,141,61,45,0.698019801980198,0.7580645161290323,0.7268041237113402,37.78676122931507,510,186
PV01ai32FPGA_250611_115923,29,dsb4updn_median_200_9f,20,87,18,123,0.8285714285714286,0.4142857142857143,0.5523809523809524,38.901915708816084,258,210
PV01ai32FPGA_250611_122326,20,dsb4updn_median_200_9f,20,103,74,66,0.5819209039548022,0.6094674556213018,0.5953757225433526,34.25728155339447,447,169
Calbai32FPGA_251003_144832,11,dsb4updn_median_200_9f,20,130,56,63,0.6989247311827957,0.6735751295336787,0.6860158311345645,37.53333333333511,470,193
2025-09-22_17-42-27,24,dsb4updn_median_200_9f,2,25,15,84,0.625,0.22935779816513763,0.33557046979865773,44.33200000000281,78,109
2025-09-23_15-50-26,28,dsb4updn_median_200_9f,2,79,30,60,0.7247706422018348,0.5683453237410072,0.6370967741935485,43.25232067510731,250,139
2025-09-24_15-13-10,14,dsb4updn_median_200_9f,2,70,14,14,0.8333333333333334,0.8333333333333334,0.8333333333333334,35.05809523809528,256,84
2025-09-24_11-34-51,30,dsb4updn_median_200_9f,2,5,8,66,0.38461538461538464,0.07042253521126761,0.11904761904761905,70.00000000000219,18,71
2025-09-25_12-52-22,25,dsb4updn_median_200_9f,2,10,53,38,0.15873015873015872,0.20833333333333334,0.18018018018018014,40.370000000000076,101,48
2025-09-24_14-22-55,25,dsb4updn_median_200_9f,2,255,35,9,0.8793103448275862,0.9659090909090909,0.9205776173285198,34.16183006536008,1177,264
2025-09-25_11-21-53,21,dsb4updn_median_200_9f,2,74,14,128,0.8409090909090909,0.36633663366336633,0.5103448275862069,37.55990990990727,158,202
2025-09-23_16-17-52,24,dsb4updn_median_200_9f,2,17,8,55,0.68,0.2361111111111111,0.3505154639175258,41.380392156858925,43,72
2025-09-25_16-41-14,21,dsb4updn_median_200_9f,2,86,49,58,0.6370370370370371,0.5972222222222222,0.6164874551971327,44.57248062015272,318,144
2025-09-22_17-55-26,26,dsb4updn_median_200_9f,2,128,30,57,0.810126582278481,0.6918918918918919,0.7463556851311954,41.411979166665944,354,185
2025-09-24_10-24-40,30,dsb4updn_median_200_9f,2,34,16,58,0.68,0.3695652173913043,0.4788732394366197,45.17745098039621,90,92
2025-09-24_17-38-17,13,dsb4updn_median_200_9f,2,9,44,6,0.16981132075471697,0.6,0.2647058823529412,43.19259259258828,113,15
2025-09-24_16-29-07,5,dsb4updn_median_200_9f,2,33,114,7,0.22448979591836735,0.825,0.35294117647058826,32.37878787878723,353,40
PV01ai32FPGA_250611_122326,20,dsb4updn_median_200_9f,2,114,67,55,0.6298342541436464,0.6745562130177515,0.6514285714285715,33.197368421053156,459,169
Calbai32FPGA_251003_150055,5,dsb4updn_median_200_9f,2,138,72,48,0.6571428571428571,0.7419354838709677,0.6969696969696969,38.51714975845561,519,186
PV01ai32FPGA_250611_115923,29,dsb4updn_median_200_9f,2,93,24,117,0.7948717948717948,0.44285714285714284,0.5688073394495412,37.280645161294714,295,210
Calbai32FPGA_251003_144832,11,dsb4updn_median_200_9f,2,126,50,67,0.7159090909090909,0.6528497409326425,0.6829268292682927,37.26746031746221,423,193
2025-09-25_16-41-14,21,dsb4updn_median_200_9f,0,92,38,52,0.7076923076923077,0.6388888888888888,0.6715328467153284,44.6663043478239,318,144
2025-09-24_15-13-10,14,dsb4updn_median_200_9f,0,75,16,9,0.8241758241758241,0.8928571428571429,0.8571428571428571,34.943111111110774,261,84
2025-09-23_16-17-52,24,dsb4updn_median_200_9f,0,21,14,51,0.6,0.2916666666666667,0.39252336448598135,38.81428571428478,61,72
2025-09-25_11-21-53,21,dsb4updn_median_200_9f,0,86,23,116,0.7889908256880734,0.42574257425742573,0.5530546623794212,39.28372093022851,233,202
2025-09-24_14-22-55,25,dsb4updn_median_200_9f,0,260,32,4,0.8904109589041096,0.9848484848484849,0.935251798561151,34.35256410256472,1193,264
2025-09-24_10-24-40,30,dsb4updn_median_200_9f,0,40,20,52,0.6666666666666666,0.43478260869565216,0.5263157894736841,44.11833333333561,107,92
2025-09-22_17-55-26,26,dsb4updn_median_200_9f,0,127,52,58,0.7094972067039106,0.6864864864864865,0.6978021978021978,38.931233595800336,456,185
2025-09-23_15-50-26,28,dsb4updn_median_200_9f,0,92,33,47,0.736,0.6618705035971223,0.6969696969696969,41.99021739130518,293,139
2025-09-25_12-52-22,25,dsb4updn_median_200_9f,0,11,94,37,0.10476190476190476,0.22916666666666666,0.1437908496732026,33.342424242423064,184,48
2025-09-22_17-42-27,24,dsb4updn_median_200_9f,0,31,21,78,0.5961538461538461,0.28440366972477066,0.38509316770186336,48.55053763441004,106,109
2025-09-24_11-34-51,30,dsb4updn_median_200_9f,0,10,7,61,0.5882352941176471,0.14084507042253522,0.22727272727272727,42.86666666667006,21,71
2025-09-24_17-38-17,13,dsb4updn_median_200_9f,0,13,45,2,0.22413793103448276,0.8666666666666667,0.35616438356164387,41.410256410249744,108,15
2025-09-24_16-29-07,5,dsb4updn_median_200_9f,0,31,90,9,0.256198347107438,0.775,0.38509316770186336,41.22795698924706,316,40
PV01ai32FPGA_250611_122326,20,dsb4updn_median_200_9f,0,107,72,62,0.5977653631284916,0.6331360946745562,0.6149425287356323,32.43551401869011,428,169
PV01ai32FPGA_250611_115923,29,dsb4updn_median_200_9f,0,77,11,133,0.875,0.36666666666666664,0.5167785234899328,41.270995670996136,211,210
Calbai32FPGA_251003_150055,5,dsb4updn_median_200_9f,0,138,76,48,0.6448598130841121,0.7419354838709677,0.69,36.513285024154925,533,186
Calbai32FPGA_251003_144832,11,dsb4updn_median_200_9f,0,131,60,62,0.6858638743455497,0.6787564766839378,0.6822916666666666,37.89363867684597,434,193
2025-09-25_12-52-22,25,updnb4ds_100_13b,120,19,133,29,0.125,0.3958333333333333,0.19000000000000003,42.84736842104953,348,48
2025-09-24_14-22-55,25,updnb4ds_100_13b,120,264,66,0,0.8,1.0,0.888888888888889,20.640909090909616,8015,264
2025-09-23_15-50-26,28,updnb4ds_100_13b,120,111,49,28,0.69375,0.7985611510791367,0.7424749163879598,40.86666666666682,715,139
2025-09-22_17-55-26,26,updnb4ds_100_13b,120,154,68,31,0.6936936936936937,0.8324324324324325,0.7567567567567568,39.35692640692628,1087,185
2025-09-22_17-42-27,24,updnb4ds_100_13b,120,35,27,74,0.5645161290322581,0.3211009174311927,0.40935672514619886,48.66952380952389,181,109
2025-09-24_10-24-40,30,updnb4ds_100_13b,120,50,28,42,0.6410256410256411,0.5434782608695652,0.5882352941176471,45.8353333333366,254,92
2025-09-24_15-13-10,14,updnb4ds_100_13b,120,80,16,4,0.8333333333333334,0.9523809523809523,0.888888888888889,29.560000000000038,1042,84
2025-09-24_11-34-51,30,updnb4ds_100_13b,120,12,7,59,0.631578947368421,0.16901408450704225,0.26666666666666666,53.91666666667072,34,71
2025-09-25_11-21-53,21,updnb4ds_100_13b,120,123,38,79,0.7639751552795031,0.6089108910891089,0.6776859504132232,42.71815718156911,499,202
2025-09-23_16-17-52,24,updnb4ds_100_13b,120,36,36,36,0.5,0.5,0.5,42.92777777777933,162,72
2025-09-25_16-41-14,21,updnb4ds_100_13b,120,113,87,31,0.565,0.7847222222222222,0.6569767441860465,43.007669616516615,860,144
2025-09-24_16-29-07,5,updnb4ds_100_13b,120,37,155,3,0.19270833333333334,0.925,0.3189655172413794,37.22252252252284,710,40
2025-09-24_17-38-17,13,updnb4ds_100_13b,120,14,46,1,0.23333333333333334,0.9333333333333333,0.37333333333333335,41.676190476184146,161,15
Calbai32FPGA_251003_150055,5,updnb4ds_100_13b,120,165,98,21,0.6273764258555133,0.8870967741935484,0.734966592427617,35.637373737375285,1677,186
PV01ai32FPGA_250611_115923,29,updnb4ds_100_13b,120,97,24,113,0.8016528925619835,0.46190476190476193,0.5861027190332327,38.51683848797685,631,210
PV01ai32FPGA_250611_122326,20,updnb4ds_100_13b,120,120,101,49,0.5429864253393665,0.7100591715976331,0.6153846153846153,32.88388888888747,1361,169
Calbai32FPGA_251003_144832,11,updnb4ds_100_13b,120,164,77,29,0.6804979253112033,0.8497409326424871,0.7557603686635944,36.13414634146447,1322,193
2025-09-24_10-24-40,30,updnb4ds_100_13b,20,52,40,40,0.5652173913043478,0.5652173913043478,0.5652173913043478,45.85384615384996,266,92
2025-09-25_16-41-14,21,updnb4ds_100_13b,20,109,83,35,0.5677083333333334,0.7569444444444444,0.648809523809524,44.094495412840594,817,144
2025-09-22_17-55-26,26,updnb4ds_100_13b,20,149,66,36,0.6930232558139535,0.8054054054054054,0.745,37.70715883668921,1180,185
2025-09-24_14-22-55,25,updnb4ds_100_13b,20,264,51,0,0.8380952380952381,1.0,0.9119170984455958,20.57651515151568,8230,264
2025-09-22_17-42-27,24,updnb4ds_100_13b,20,36,19,73,0.6545454545454545,0.3302752293577982,0.4390243902439025,54.82685185185078,186,109
2025-09-24_11-34-51,30,updnb4ds_100_13b,20,13,8,58,0.6190476190476191,0.18309859154929578,0.2826086956521739,59.8435897435938,38,71
2025-09-25_12-52-22,25,updnb4ds_100_13b,20,20,121,28,0.14184397163120568,0.4166666666666667,0.21164021164021166,43.38499999999758,338,48
2025-09-24_15-13-10,14,updnb4ds_100_13b,20,79,15,5,0.8404255319148937,0.9404761904761905,0.8876404494382023,31.519831223628543,999,84
2025-09-23_15-50-26,28,updnb4ds_100_13b,20,106,50,33,0.6794871794871795,0.762589928057554,0.7186440677966103,42.36383647798842,642,139
2025-09-25_11-21-53,21,updnb4ds_100_13b,20,122,36,80,0.7721518987341772,0.6039603960396039,0.6777777777777778,43.66038251365911,493,202
2025-09-23_16-17-52,24,updnb4ds_100_13b,20,32,31,40,0.5079365079365079,0.4444444444444444,0.4740740740740741,41.28229166666506,163,72
2025-09-24_17-38-17,13,updnb4ds_100_13b,20,12,57,3,0.17391304347826086,0.8,0.2857142857142857,37.727777777770676,175,15
2025-09-24_16-29-07,5,updnb4ds_100_13b,20,38,144,2,0.2087912087912088,0.95,0.34234234234234234,38.94122807017554,729,40
PV01ai32FPGA_250611_122326,20,updnb4ds_100_13b,20,128,90,41,0.5871559633027523,0.757396449704142,0.661498708010336,33.70546874999876,1400,169
Calbai32FPGA_251003_150055,5,updnb4ds_100_13b,20,166,104,20,0.6148148148148148,0.8924731182795699,0.7280701754385965,35.089759036146276,1747,186
Calbai32FPGA_251003_144832,11,updnb4ds_100_13b,20,157,86,36,0.6460905349794238,0.8134715025906736,0.720183486238532,35.97048832271763,1383,193
PV01ai32FPGA_250611_115923,29,updnb4ds_100_13b,20,96,37,114,0.7218045112781954,0.45714285714285713,0.5597667638483965,36.15937500000106,735,210
2025-09-23_15-50-26,28,updnb4ds_100_13b,2,104,39,35,0.7272727272727273,0.7482014388489209,0.7375886524822695,41.61666666666663,606,139
2025-09-25_16-41-14,21,updnb4ds_100_13b,2,108,73,36,0.5966850828729282,0.75,0.6646153846153846,42.87685185184954,878,144
2025-09-22_17-55-26,26,updnb4ds_100_13b,2,140,41,45,0.7734806629834254,0.7567567567567568,0.7650273224043715,38.61380952380929,956,185
2025-09-25_12-52-22,25,updnb4ds_100_13b,2,13,96,35,0.11926605504587157,0.2708333333333333,0.1656050955414013,49.153846153845315,234,48
2025-09-22_17-42-27,24,updnb4ds_100_13b,2,38,14,71,0.7307692307692307,0.3486238532110092,0.47204968944099385,51.79035087719264,210,109
2025-09-24_10-24-40,30,updnb4ds_100_13b,2,38,28,54,0.5757575757575758,0.41304347826086957,0.48101265822784817,47.14561403509115,157,92
2025-09-24_11-34-51,30,updnb4ds_100_13b,2,11,7,60,0.6111111111111112,0.15492957746478872,0.24719101123595505,57.71515151515533,34,71
2025-09-23_16-17-52,24,updnb4ds_100_13b,2,29,21,43,0.58,0.4027777777777778,0.47540983606557374,49.072413793099635,125,72
2025-09-24_15-13-10,14,updnb4ds_100_13b,2,80,16,4,0.8333333333333334,0.9523809523809523,0.888888888888889,29.660000000000217,1070,84
2025-09-24_14-22-55,25,updnb4ds_100_13b,2,264,51,0,0.8380952380952381,1.0,0.9119170984455958,21.220454545455073,7890,264
2025-09-25_11-21-53,21,updnb4ds_100_13b,2,105,29,97,0.7835820895522388,0.5198019801980198,0.625,43.64507936507739,399,202
2025-09-24_17-38-17,13,updnb4ds_100_13b,2,12,58,3,0.17142857142857143,0.8,0.2823529411764706,39.022222222215305,238,15
2025-09-24_16-29-07,5,updnb4ds_100_13b,2,34,142,6,0.19318181818181818,0.85,0.31481481481481477,31.797058823528097,762,40
PV01ai32FPGA_250611_122326,20,updnb4ds_100_13b,2,135,91,34,0.5973451327433629,0.7988165680473372,0.6835443037974683,32.79925925925791,1537,169
Calbai32FPGA_251003_150055,5,updnb4ds_100_13b,2,159,96,27,0.6235294117647059,0.8548387096774194,0.7210884353741497,36.90943396226582,1500,186
PV01ai32FPGA_250611_115923,29,updnb4ds_100_13b,2,107,36,103,0.7482517482517482,0.5095238095238095,0.6062322946175637,36.749532710282736,775,210
Calbai32FPGA_251003_144832,11,updnb4ds_100_13b,2,155,84,38,0.6485355648535565,0.8031088082901554,0.7175925925925926,37.47505376344244,1238,193
2025-09-24_10-24-40,30,updnb4ds_100_13b,0,49,26,43,0.6533333333333333,0.532608695652174,0.5868263473053893,44.04285714285889,223,92
2025-09-22_17-42-27,24,updnb4ds_100_13b,0,40,36,69,0.5263157894736842,0.3669724770642202,0.43243243243243246,50.15666666666698,238,109
2025-09-23_16-17-52,24,updnb4ds_100_13b,0,31,28,41,0.5254237288135594,0.4305555555555556,0.4732824427480916,43.154838709674344,152,72
2025-09-25_16-41-14,21,updnb4ds_100_13b,0,104,75,40,0.5810055865921788,0.7222222222222222,0.6439628482972137,41.63685897435649,831,144
2025-09-24_14-22-55,25,updnb4ds_100_13b,0,264,57,0,0.822429906542056,1.0,0.9025641025641025,21.735606060606585,7673,264
2025-09-25_11-21-53,21,updnb4ds_100_13b,0,129,41,73,0.7588235294117647,0.6386138613861386,0.6935483870967741,43.80749354004941,541,202
2025-09-24_15-13-10,14,updnb4ds_100_13b,0,81,17,3,0.826530612244898,0.9642857142857143,0.8901098901098902,30.588888888889212,1032,84
2025-09-22_17-55-26,26,updnb4ds_100_13b,0,153,82,32,0.6510638297872341,0.827027027027027,0.7285714285714285,36.59978213507605,1192,185
2025-09-23_15-50-26,28,updnb4ds_100_13b,0,112,52,27,0.6829268292682927,0.8057553956834532,0.7392739273927392,40.87738095238175,733,139
2025-09-25_12-52-22,25,updnb4ds_100_13b,0,20,174,28,0.10309278350515463,0.4166666666666667,0.16528925619834708,41.02333333333194,467,48
2025-09-24_11-34-51,30,updnb4ds_100_13b,0,10,7,61,0.5882352941176471,0.14084507042253522,0.22727272727272727,47.00000000000486,32,71
2025-09-24_16-29-07,5,updnb4ds_100_13b,0,36,150,4,0.1935483870967742,0.9,0.3185840707964602,36.52777777777799,780,40
2025-09-24_17-38-17,13,updnb4ds_100_13b,0,14,55,1,0.2028985507246377,0.9333333333333333,0.33333333333333337,45.10476190475557,171,15
PV01ai32FPGA_250611_122326,20,updnb4ds_100_13b,0,131,94,38,0.5822222222222222,0.7751479289940828,0.6649746192893401,32.30407124681845,1408,169
Calbai32FPGA_251003_144832,11,updnb4ds_100_13b,0,158,71,35,0.6899563318777293,0.8186528497409327,0.7488151658767772,36.16329113924061,1231,193
PV01ai32FPGA_250611_115923,29,updnb4ds_100_13b,0,89,19,121,0.8240740740740741,0.4238095238095238,0.559748427672956,37.72659176030198,530,210
Calbai32FPGA_251003_150055,5,updnb4ds_100_13b,0,170,112,16,0.6028368794326241,0.9139784946236559,0.7264957264957264,34.35705882353121,1783,186
2025-09-24_14-22-55,25,updnb4ds_100_13f,120,264,65,0,0.8024316109422492,1.0,0.8903878583473862,20.65984848484901,8096,264
2025-09-22_17-42-27,24,updnb4ds_100_13f,120,35,23,74,0.603448275862069,0.3211009174311927,0.41916167664670656,48.7838095238096,173,109
2025-09-25_11-21-53,21,updnb4ds_100_13f,120,120,38,82,0.759493670886076,0.594059405940594,0.6666666666666666,42.614722222219584,490,202
2025-09-22_17-55-26,26,updnb4ds_100_13f,120,153,68,32,0.6923076923076923,0.827027027027027,0.7536945812807881,38.86013071895392,1088,185
2025-09-23_15-50-26,28,updnb4ds_100_13f,120,112,47,27,0.7044025157232704,0.8057553956834532,0.7516778523489932,41.32499999999974,699,139
2025-09-24_15-13-10,14,updnb4ds_100_13f,120,80,15,4,0.8421052631578947,0.9523809523809523,0.8938547486033519,29.510000000000037,1039,84
2025-09-25_12-52-22,25,updnb4ds_100_13f,120,18,131,30,0.12080536912751678,0.375,0.18274111675126906,43.1981481481449,338,48
2025-09-23_16-17-52,24,updnb4ds_100_13f,120,35,36,37,0.49295774647887325,0.4861111111111111,0.4895104895104895,43.38190476190658,154,72
2025-09-24_11-34-51,30,updnb4ds_100_13f,120,12,7,59,0.631578947368421,0.16901408450704225,0.26666666666666666,54.25000000000406,31,71
2025-09-24_10-24-40,30,updnb4ds_100_13f,120,49,28,43,0.6363636363636364,0.532608695652174,0.5798816568047338,45.68231292517321,245,92
2025-09-25_16-41-14,21,updnb4ds_100_13f,120,111,84,33,0.5692307692307692,0.7708333333333334,0.6548672566371682,42.188888888886204,848,144
2025-09-24_17-38-17,13,updnb4ds_100_13f,120,14,43,1,0.24561403508771928,0.9333333333333333,0.38888888888888884,43.60476190475557,153,15
2025-09-24_16-29-07,5,updnb4ds_100_13f,120,37,150,3,0.19786096256684493,0.925,0.32599118942731276,37.30360360360392,699,40
Calbai32FPGA_251003_144832,11,updnb4ds_100_13f,120,161,76,32,0.679324894514768,0.8341968911917098,0.7488372093023257,35.6834368530031,1315,193
PV01ai32FPGA_250611_115923,29,updnb4ds_100_13f,120,98,24,112,0.8032786885245902,0.4666666666666667,0.5903614457831325,38.64965986394979,624,210
Calbai32FPGA_251003_150055,5,updnb4ds_100_13f,120,164,94,22,0.6356589147286822,0.8817204301075269,0.7387387387387387,35.541056910570575,1668,186
PV01ai32FPGA_250611_122326,20,updnb4ds_100_13f,120,122,100,47,0.5495495495495496,0.7218934911242604,0.6240409207161125,33.75355191256717,1355,169
2025-09-22_17-42-27,24,updnb4ds_100_13f,20,35,18,74,0.660377358490566,0.3211009174311927,0.4320987654320988,55.12095238095151,183,109
2025-09-24_11-34-51,30,updnb4ds_100_13f,20,13,8,58,0.6190476190476191,0.18309859154929578,0.2826086956521739,59.8435897435938,38,71
2025-09-22_17-55-26,26,updnb4ds_100_13f,20,148,65,37,0.6948356807511737,0.8,0.7437185929648242,37.86869369369394,1178,185
2025-09-25_11-21-53,21,updnb4ds_100_13f,20,119,34,83,0.7777777777777778,0.5891089108910891,0.6704225352112676,43.78627450980177,486,202
2025-09-24_14-22-55,25,updnb4ds_100_13f,20,264,52,0,0.8354430379746836,1.0,0.9103448275862069,20.57651515151568,8287,264
2025-09-25_16-41-14,21,updnb4ds_100_13f,20,109,79,35,0.5797872340425532,0.7569444444444444,0.6566265060240963,44.34220183485894,806,144
2025-09-24_15-13-10,14,updnb4ds_100_13f,20,79,13,5,0.8586956521739131,0.9404761904761905,0.8977272727272727,31.342616033755125,992,84
2025-09-25_12-52-22,25,updnb4ds_100_13f,20,20,118,28,0.14492753623188406,0.4166666666666667,0.21505376344086022,43.94666666666408,329,48
2025-09-23_16-17-52,24,updnb4ds_100_13f,20,32,30,40,0.5161290322580645,0.4444444444444444,0.4776119402985074,41.31354166666506,157,72
2025-09-23_15-50-26,28,updnb4ds_100_13f,20,106,48,33,0.6883116883116883,0.762589928057554,0.7235494880546075,42.51477987421484,631,139
2025-09-24_10-24-40,30,updnb4ds_100_13f,20,51,35,41,0.5930232558139535,0.5543478260869565,0.5730337078651685,45.746405228761574,257,92
2025-09-24_16-29-07,5,updnb4ds_100_13f,20,38,140,2,0.21348314606741572,0.95,0.34862385321100914,40.1780701754387,718,40
2025-09-24_17-38-17,13,updnb4ds_100_13f,20,12,53,3,0.18461538461538463,0.8,0.3,37.727777777770676,169,15
PV01ai32FPGA_250611_122326,20,updnb4ds_100_13f,20,126,88,43,0.5887850467289719,0.7455621301775148,0.6579634464751958,33.456613756612064,1398,169
Calbai32FPGA_251003_150055,5,updnb4ds_100_13f,20,167,102,19,0.620817843866171,0.8978494623655914,0.734065934065934,35.42854291417346,1739,186
PV01ai32FPGA_250611_115923,29,updnb4ds_100_13f,20,97,36,113,0.7293233082706767,0.46190476190476193,0.5655976676384841,36.564604810998674,727,210
Calbai32FPGA_251003_144832,11,updnb4ds_100_13f,20,155,85,38,0.6458333333333334,0.8031088082901554,0.7159353348729792,35.82172043010753,1361,193
2025-09-23_15-50-26,28,updnb4ds_100_13f,2,103,39,36,0.7253521126760564,0.7410071942446043,0.7330960854092526,42.327184466019375,589,139
2025-09-25_16-41-14,21,updnb4ds_100_13f,2,108,72,36,0.6,0.75,0.6666666666666665,42.450925925923606,879,144
2025-09-24_15-13-10,14,updnb4ds_100_13f,2,80,13,4,0.8602150537634409,0.9523809523809523,0.903954802259887,29.94750000000022,1058,84
2025-09-22_17-42-27,24,updnb4ds_100_13f,2,38,12,71,0.76,0.3486238532110092,0.47798742138364786,50.73771929824527,206,109
2025-09-22_17-55-26,26,updnb4ds_100_13f,2,139,40,46,0.776536312849162,0.7513513513513513,0.7637362637362637,38.835251798561046,945,185
2025-09-24_14-22-55,25,updnb4ds_100_13f,2,264,51,0,0.8380952380952381,1.0,0.9119170984455958,21.080303030303558,7952,264
2025-09-23_16-17-52,24,updnb4ds_100_13f,2,29,19,43,0.6041666666666666,0.4027777777777778,0.48333333333333334,48.86321839080082,123,72
2025-09-24_11-34-51,30,updnb4ds_100_13f,2,11,5,60,0.6875,0.15492957746478872,0.2528735632183908,57.71515151515533,31,71
2025-09-24_10-24-40,30,updnb4ds_100_13f,2,35,24,57,0.5932203389830508,0.3804347826086957,0.4635761589403974,45.551428571431565,152,92
2025-09-25_12-52-22,25,updnb4ds_100_13f,2,13,92,35,0.12380952380952381,0.2708333333333333,0.16993464052287582,49.44615384615323,220,48
2025-09-25_11-21-53,21,updnb4ds_100_13f,2,106,28,96,0.7910447761194029,0.5247524752475248,0.630952380952381,43.533647798740276,398,202
2025-09-24_17-38-17,13,updnb4ds_100_13f,2,12,55,3,0.1791044776119403,0.8,0.29268292682926833,39.022222222215305,228,15
2025-09-24_16-29-07,5,updnb4ds_100_13f,2,34,140,6,0.19540229885057472,0.85,0.31775700934579443,33.82647058823398,759,40
Calbai32FPGA_251003_150055,5,updnb4ds_100_13f,2,159,92,27,0.6334661354581673,0.8548387096774194,0.7276887871853547,37.29937106918406,1506,186
PV01ai32FPGA_250611_122326,20,updnb4ds_100_13f,2,134,88,35,0.6036036036036037,0.7928994082840237,0.6854219948849106,32.759452736317066,1537,169
PV01ai32FPGA_250611_115923,29,updnb4ds_100_13f,2,107,36,103,0.7482517482517482,0.5095238095238095,0.6062322946175637,36.82429906542299,776,210
Calbai32FPGA_251003_144832,11,updnb4ds_100_13f,2,155,82,38,0.6540084388185654,0.8031088082901554,0.7209302325581396,37.292043010754256,1229,193
2025-09-25_12-52-22,25,updnb4ds_100_13f,0,19,168,29,0.10160427807486631,0.3958333333333333,0.16170212765957445,41.25964912280558,455,48
2025-09-24_10-24-40,30,updnb4ds_100_13f,0,49,25,43,0.6621621621621622,0.532608695652174,0.5903614457831325,45.297959183675225,211,92
2025-09-24_14-22-55,25,updnb4ds_100_13f,0,264,57,0,0.822429906542056,1.0,0.9025641025641025,21.769696969697495,7739,264
2025-09-22_17-55-26,26,updnb4ds_100_13f,0,153,81,32,0.6538461538461539,0.827027027027027,0.730310262529833,36.9283224400873,1176,185
2025-09-24_15-13-10,14,updnb4ds_100_13f,0,81,16,3,0.8350515463917526,0.9642857142857143,0.8950276243093923,30.51481481481514,1024,84
2025-09-24_11-34-51,30,updnb4ds_100_13f,0,10,8,61,0.5555555555555556,0.14084507042253522,0.2247191011235955,47.40000000000486,31,71
2025-09-23_16-17-52,24,updnb4ds_100_13f,0,31,28,41,0.5254237288135594,0.4305555555555556,0.4732824427480916,43.445161290319504,146,72
2025-09-22_17-42-27,24,updnb4ds_100_13f,0,39,32,70,0.5492957746478874,0.3577981651376147,0.4333333333333334,50.12222222222254,226,109
2025-09-23_15-50-26,28,updnb4ds_100_13f,0,112,49,27,0.6956521739130435,0.8057553956834532,0.7466666666666668,40.88035714285776,723,139
2025-09-25_16-41-14,21,updnb4ds_100_13f,0,103,72,41,0.5885714285714285,0.7152777777777778,0.64576802507837,41.244336569576795,814,144
2025-09-25_11-21-53,21,updnb4ds_100_13f,0,126,38,76,0.7682926829268293,0.6237623762376238,0.6885245901639344,43.82222222222001,529,202
2025-09-24_17-38-17,13,updnb4ds_100_13f,0,14,52,1,0.21212121212121213,0.9333333333333333,0.345679012345679,45.10476190475557,163,15
2025-09-24_16-29-07,5,updnb4ds_100_13f,0,36,147,4,0.19672131147540983,0.9,0.3228699551569506,35.472222222222435,772,40
Calbai32FPGA_251003_144832,11,updnb4ds_100_13f,0,158,69,35,0.6960352422907489,0.8186528497409327,0.7523809523809525,36.16329113924061,1234,193
Calbai32FPGA_251003_150055,5,updnb4ds_100_13f,0,169,108,17,0.6101083032490975,0.9086021505376344,0.7300215982721382,34.4433925049328,1770,186
PV01ai32FPGA_250611_122326,20,updnb4ds_100_13f,0,130,89,39,0.593607305936073,0.7692307692307693,0.6701030927835051,32.10974358974282,1388,169
PV01ai32FPGA_250611_115923,29,updnb4ds_100_13f,0,87,18,123,0.8285714285714286,0.4142857142857143,0.5523809523809524,37.408045977014346,526,210
2025-09-24_10-24-40,30,updnb4ds_100_7,120,54,45,38,0.5454545454545454,0.5869565217391305,0.5654450261780105,30.491358024692023,567,92
2025-09-25_16-41-14,21,updnb4ds_100_7,120,109,92,35,0.5422885572139303,0.7569444444444444,0.6318840579710144,28.825993883788907,2176,144
2025-09-25_11-21-53,21,updnb4ds_100_7,120,124,36,78,0.775,0.6138613861386139,0.6850828729281767,27.646505376342308,1214,202
2025-09-23_15-50-26,28,updnb4ds_100_7,120,113,63,26,0.6420454545454546,0.8129496402877698,0.7174603174603176,28.029793510324936,1594,139
2025-09-24_14-22-55,25,updnb4ds_100_7,120,264,58,0,0.8198757763975155,1.0,0.9010238907849829,12.826515151515677,9640,264
2025-09-25_12-52-22,25,updnb4ds_100_7,120,17,146,31,0.10429447852760736,0.3541666666666667,0.16113744075829384,38.33921568627283,491,48
2025-09-22_17-42-27,24,updnb4ds_100_7,120,38,44,71,0.4634146341463415,0.3486238532110092,0.39790575916230364,33.16754385964798,439,109
2025-09-24_15-13-10,14,updnb4ds_100_7,120,83,19,1,0.8137254901960784,0.9880952380952381,0.8924731182795699,20.824899598393845,1586,84
2025-09-22_17-55-26,26,updnb4ds_100_7,120,165,66,20,0.7142857142857143,0.8918918918918919,0.7932692307692308,25.730909090908543,3072,185
2025-09-24_11-34-51,30,updnb4ds_100_7,120,17,15,54,0.53125,0.23943661971830985,0.33009708737864074,45.0745098039253,69,71
2025-09-23_16-17-52,24,updnb4ds_100_7,120,35,31,37,0.5303030303030303,0.4861111111111111,0.5072463768115942,30.455238095238123,299,72
2025-09-24_16-29-07,5,updnb4ds_100_7,120,36,162,4,0.18181818181818182,0.9,0.3025210084033613,21.16574074074036,1716,40
2025-09-24_17-38-17,13,updnb4ds_100_7,120,15,72,0,0.1724137931034483,1.0,0.29411764705882354,22.477777777768765,395,15
Calbai32FPGA_251003_150055,5,updnb4ds_100_7,120,165,100,21,0.6226415094339622,0.8870967741935484,0.7317073170731707,22.655353535355093,3293,186
Calbai32FPGA_251003_144832,11,updnb4ds_100_7,120,158,99,35,0.6147859922178989,0.8186528497409327,0.7022222222222222,24.240717299578833,2761,193
PV01ai32FPGA_250611_115923,29,updnb4ds_100_7,120,106,44,104,0.7066666666666667,0.5047619047619047,0.5888888888888889,26.259748427675774,1604,210
PV01ai32FPGA_250611_122326,20,updnb4ds_100_7,120,132,120,37,0.5238095238095238,0.7810650887573964,0.6270783847980999,20.99444444444314,2741,169
2025-09-22_17-55-26,26,updnb4ds_100_7,20,155,73,30,0.6798245614035088,0.8378378378378378,0.7506053268765133,24.395053763440526,3138,185
2025-09-24_10-24-40,30,updnb4ds_100_7,20,53,38,39,0.5824175824175825,0.5760869565217391,0.5792349726775957,31.103773584906484,616,92
2025-09-25_12-52-22,25,updnb4ds_100_7,20,15,121,33,0.11029411764705882,0.3125,0.16304347826086957,33.12222222222178,440,48
2025-09-25_11-21-53,21,updnb4ds_100_7,20,121,33,81,0.7857142857142857,0.599009900990099,0.6797752808988764,29.32782369145745,1148,202
2025-09-23_16-17-52,24,updnb4ds_100_7,20,31,46,41,0.4025974025974026,0.4305555555555556,0.4161073825503356,28.132258064516318,309,72
2025-09-22_17-42-27,24,updnb4ds_100_7,20,40,56,69,0.4166666666666667,0.3669724770642202,0.3902439024390244,38.95333333333333,440,109
2025-09-24_14-22-55,25,updnb4ds_100_7,20,264,45,0,0.8543689320388349,1.0,0.9214659685863874,12.712878787879312,9583,264
2025-09-24_11-34-51,30,updnb4ds_100_7,20,12,10,59,0.5454545454545454,0.16901408450704225,0.25806451612903225,46.62777777777725,65,71
2025-09-23_15-50-26,28,updnb4ds_100_7,20,110,59,29,0.650887573964497,0.7913669064748201,0.7142857142857143,28.06606060606168,1582,139
2025-09-25_16-41-14,21,updnb4ds_100_7,20,106,96,38,0.5247524752475248,0.7361111111111112,0.6127167630057804,29.96918238993426,2050,144
2025-09-24_15-13-10,14,updnb4ds_100_7,20,81,14,3,0.8526315789473684,0.9642857142857143,0.9050279329608938,21.924691358024983,1479,84
2025-09-24_16-29-07,5,updnb4ds_100_7,20,36,192,4,0.15789473684210525,0.9,0.26865671641791045,20.999074074073697,1846,40
2025-09-24_17-38-17,13,updnb4ds_100_7,20,15,70,0,0.17647058823529413,1.0,0.3,22.54444444443543,445,15
PV01ai32FPGA_250611_122326,20,updnb4ds_100_7,20,127,108,42,0.5404255319148936,0.7514792899408284,0.6287128712871288,20.255380577426784,2692,169
PV01ai32FPGA_250611_115923,29,updnb4ds_100_7,20,111,45,99,0.7115384615384616,0.5285714285714286,0.6065573770491803,26.07027027027296,1663,210
Calbai32FPGA_251003_150055,5,updnb4ds_100_7,20,170,108,16,0.6115107913669064,0.9139784946236559,0.7327586206896552,23.07019607843272,3368,186
Calbai32FPGA_251003_144832,11,updnb4ds_100_7,20,161,101,32,0.6145038167938931,0.8341968911917098,0.7076923076923077,24.08612836439001,2952,193
2025-09-24_10-24-40,30,updnb4ds_100_7,2,46,32,46,0.5897435897435898,0.5,0.5411764705882353,36.125362318842235,460,92
2025-09-25_11-21-53,21,updnb4ds_100_7,2,104,27,98,0.7938931297709924,0.5148514851485149,0.6246246246246246,27.99519230768986,888,202
2025-09-22_17-42-27,24,updnb4ds_100_7,2,38,37,71,0.5066666666666667,0.3486238532110092,0.41304347826086957,36.806140350878145,415,109
2025-09-24_14-22-55,25,updnb4ds_100_7,2,264,44,0,0.8571428571428571,1.0,0.923076923076923,13.349242424242949,9418,264
2025-09-25_12-52-22,25,updnb4ds_100_7,2,14,86,34,0.14,0.2916666666666667,0.1891891891891892,36.07857142857132,320,48
2025-09-23_15-50-26,28,updnb4ds_100_7,2,100,47,39,0.6802721088435374,0.7194244604316546,0.6993006993006994,28.235333333333966,1420,139
2025-09-22_17-55-26,26,updnb4ds_100_7,2,151,47,34,0.7626262626262627,0.8162162162162162,0.7885117493472585,25.058498896246284,2619,185
2025-09-23_16-17-52,24,updnb4ds_100_7,2,29,31,43,0.48333333333333334,0.4027777777777778,0.43939393939393945,30.544827586203485,215,72
2025-09-25_16-41-14,21,updnb4ds_100_7,2,107,84,37,0.5602094240837696,0.7430555555555556,0.6388059701492537,28.933333333330904,1911,144
2025-09-24_15-13-10,14,updnb4ds_100_7,2,80,12,4,0.8695652173913043,0.9523809523809523,0.909090909090909,20.46166666666668,1559,84
2025-09-24_11-34-51,30,updnb4ds_100_7,2,7,15,64,0.3181818181818182,0.09859154929577464,0.15053763440860216,42.200000000006966,73,71
2025-09-24_16-29-07,5,updnb4ds_100_7,2,34,159,6,0.17616580310880828,0.85,0.2918454935622317,17.120588235292804,1886,40
2025-09-24_17-38-17,13,updnb4ds_100_7,2,14,70,1,0.16666666666666666,0.9333333333333333,0.2828282828282828,24.169047619037947,469,15
PV01ai32FPGA_250611_122326,20,updnb4ds_100_7,2,134,98,35,0.5775862068965517,0.7928994082840237,0.6683291770573567,22.282587064675965,2850,169
PV01ai32FPGA_250611_115923,29,updnb4ds_100_7,2,116,52,94,0.6904761904761905,0.5523809523809524,0.6137566137566137,26.48591954023179,1923,210
Calbai32FPGA_251003_150055,5,updnb4ds_100_7,2,161,104,25,0.6075471698113207,0.8655913978494624,0.7139689578713969,23.69192546584114,3133,186
Calbai32FPGA_251003_144832,11,updnb4ds_100_7,2,159,88,34,0.6437246963562753,0.8238341968911918,0.7227272727272728,24.51006289308344,2617,193
2025-09-23_16-17-52,24,updnb4ds_100_7,0,32,35,40,0.47761194029850745,0.4444444444444444,0.4604316546762589,28.94895833333294,298,72
2025-09-25_16-41-14,21,updnb4ds_100_7,0,106,83,38,0.5608465608465608,0.7361111111111112,0.6366366366366366,29.144025157230335,2125,144
2025-09-22_17-55-26,26,updnb4ds_100_7,0,166,91,19,0.6459143968871596,0.8972972972972973,0.7511312217194571,24.586345381525234,3328,185
2025-09-23_15-50-26,28,updnb4ds_100_7,0,119,59,20,0.6685393258426966,0.8561151079136691,0.750788643533123,27.38039215686386,1671,139
2025-09-24_10-24-40,30,updnb4ds_100_7,0,55,43,37,0.5612244897959183,0.5978260869565217,0.5789473684210525,34.8618181818194,535,92
2025-09-22_17-42-27,24,updnb4ds_100_7,0,39,58,70,0.4020618556701031,0.3577981651376147,0.3786407766990292,35.81794871795039,550,109
2025-09-25_11-21-53,21,updnb4ds_100_7,0,135,36,67,0.7894736842105263,0.6683168316831684,0.7238605898123325,29.81802469135593,1196,202
2025-09-24_11-34-51,30,updnb4ds_100_7,0,14,15,57,0.4827586206896552,0.19718309859154928,0.27999999999999997,44.97380952381003,59,71
2025-09-25_12-52-22,25,updnb4ds_100_7,0,22,173,26,0.11282051282051282,0.4583333333333333,0.18106995884773663,35.530303030300146,626,48
2025-09-24_14-22-55,25,updnb4ds_100_7,0,264,50,0,0.8407643312101911,1.0,0.9134948096885813,13.94393939393992,9177,264
2025-09-24_15-13-10,14,updnb4ds_100_7,0,81,17,3,0.826530612244898,0.9642857142857143,0.8901098901098902,20.84238683127595,1568,84
2025-09-24_17-38-17,13,updnb4ds_100_7,0,15,79,0,0.1595744680851064,1.0,0.27522935779816515,24.477777777768765,432,15
2025-09-24_16-29-07,5,updnb4ds_100_7,0,35,155,5,0.18421052631578946,0.875,0.30434782608695654,19.963809523809022,1720,40
Calbai32FPGA_251003_144832,11,updnb4ds_100_7,0,164,94,29,0.6356589147286822,0.8497409326424871,0.7272727272727272,24.83495934959403,2738,193
PV01ai32FPGA_250611_115923,29,updnb4ds_100_7,0,95,31,115,0.753968253968254,0.4523809523809524,0.5654761904761906,28.291228070177645,1362,210
PV01ai32FPGA_250611_122326,20,updnb4ds_100_7,0,131,99,38,0.5695652173913044,0.7751479289940828,0.656641604010025,20.32798982188195,2636,169
Calbai32FPGA_251003_150055,5,updnb4ds_100_7,0,167,117,19,0.5880281690140845,0.8978494623655914,0.7106382978723403,21.318163672656404,3589,186
